-0.11949,-0.24143,-0.96303
-0.14947,-0.29962,-0.94228
-0.10864,-0.35667,-0.92789
-0.04907,-0.24373,-0.9686
-0.079086,-0.3011,-0.95031
0.021121,-0.24338,-0.9697
-0.0092246,-0.30309,-0.95292
0.090043,-0.2399,-0.96661
0.058575,-0.30326,-0.95111
0.1262,-0.29704,-0.94649
-0.22424,-0.18226,-0.95734
-0.25765,-0.2394,-0.93611
-0.18758,-0.24044,-0.95237
-0.15667,-0.17784,-0.97151
-0.08881,-0.18362,-0.97898
-0.018218,-0.18488,-0.98259
0.054661,-0.18283,-0.98162
0.15598,-0.23012,-0.96058
0.12439,-0.17324,-0.97699
0.19423,-0.16134,-0.9676
0.21767,-0.2261,-0.94947
0.26776,-0.17616,-0.94724
-0.2606,-0.12609,-0.95718
-0.33481,-0.12412,-0.93407
-0.2955,-0.18128,-0.93799
-0.19521,-0.11713,-0.97374
-0.12345,-0.11663,-0.98547
-0.060272,-0.12471,-0.99036
0.013188,-0.12764,-0.99173
0.08116,-0.1177,-0.98973
0.14761,-0.10635,-0.98331
0.20854,-0.0853,-0.97429
0.25577,-0.12291,-0.95889
-0.23492,-0.055802,-0.97041
-0.29579,-0.074948,-0.95231
-0.15909,-0.060545,-0.98541
-0.089923,-0.048589,-0.99476
-0.029277,-0.073058,-0.9969
0.03626,-0.061621,-0.99744
0.1011,-0.04974,-0.99363
0.16403,-0.033339,-0.98589
0.23061,-0.018636,-0.97287
0.28137,-0.067367,-0.95723
-0.24817,0.020987,-0.96849
-0.30097,-0.014112,-0.95353
-0.19345,-0.0062029,-0.98109
-0.13143,0.0083164,-0.99129
-0.071942,0.028624,-0.997
-0.02108,-0.011722,-0.99971
0.047477,0.004252,-0.99886
0.11398,0.019414,-0.99329
0.18104,0.034413,-0.98287
0.29559,-0.001409,-0.95531
0.24643,0.050185,-0.96786
0.35709,0.011336,-0.934
-0.24262,0.091017,-0.96584
-0.30592,0.054239,-0.95051
-0.18532,0.060513,-0.98081
-0.12406,0.080188,-0.98903
-0.060063,0.10011,-0.99316
-0.0052381,0.054903,-0.99848
0.062667,0.071618,-0.99546
0.13033,0.086889,-0.98766
0.19618,0.10277,-0.97517
0.31139,0.066326,-0.94796
0.26146,0.11806,-0.95797
-0.30031,0.12004,-0.94626
-0.18032,0.13073,-0.97488
-0.23872,0.16066,-0.95771
-0.11711,0.14853,-0.98195
-0.045586,0.16623,-0.98503
0.0091734,0.12101,-0.99261
0.07869,0.13803,-0.9873
0.14506,0.155,-0.97721
0.21155,0.17017,-0.96244
0.27563,0.18591,-0.94311
-0.1737,0.20241,-0.96377
-0.24118,0.22444,-0.94417
-0.1007,0.20917,-0.97268
-0.024274,0.22953,-0.973
0.026652,0.18573,-0.98224
0.093391,0.20608,-0.97407
0.1622,0.22124,-0.96164
0.22748,0.23795,-0.94426
0.24392,0.30426,-0.92083
-0.19915,0.27445,-0.94075
-0.13764,0.2661,-0.95407
-0.071509,0.26783,-0.96081
0.040257,0.25435,-0.96627
-0.013489,0.30245,-0.95307
0.11315,0.27013,-0.95615
0.064365,0.31358,-0.94738
0.17872,0.28863,-0.94061
0.018642,0.35479,-0.93476
-0.21149,-0.40962,-0.8874
-0.23693,-0.46545,-0.85278
-0.16891,-0.46121,-0.87107
-0.14159,-0.40677,-0.90249
-0.10041,-0.45741,-0.88357
-0.066907,-0.41355,-0.90802
-0.039479,-0.48199,-0.87529
-0.0031683,-0.42483,-0.90527
0.034107,-0.47787,-0.87777
0.066293,-0.41936,-0.9054
0.10498,-0.47032,-0.87623
0.13721,-0.41464,-0.89958
0.17888,-0.46603,-0.86649
0.20585,-0.40846,-0.88926
-0.31549,-0.35504,-0.88001
-0.34033,-0.40939,-0.84651
-0.27868,-0.41586,-0.86568
-0.25095,-0.35614,-0.9001
-0.18171,-0.35379,-0.9175
-0.038207,-0.36032,-0.93205
0.028114,-0.36454,-0.93076
0.097258,-0.36,-0.92787
0.16484,-0.35414,-0.92055
0.27592,-0.39494,-0.87629
0.23095,-0.34952,-0.90802
0.30027,-0.33413,-0.89342
0.34506,-0.37632,-0.85984
0.36752,-0.31381,-0.87547
-0.35393,-0.29895,-0.88621
-0.41876,-0.30003,-0.8571
-0.38228,-0.3558,-0.8528
-0.2881,-0.29684,-0.91043
-0.22027,-0.29794,-0.92882
0.19092,-0.29093,-0.9375
0.25384,-0.2906,-0.92256
0.28005,-0.2358,-0.93057
0.32497,-0.2718,-0.90582
-0.42306,-0.18098,-0.88784
-0.48716,-0.18054,-0.85444
-0.45266,-0.24032,-0.85869
-0.39007,-0.24143,-0.88857
-0.32642,-0.23827,-0.9147
0.33237,-0.1972,-0.9223
0.38116,-0.2431,-0.89198
0.38725,-0.17326,-0.90555
0.43805,-0.2213,-0.87128
-0.40052,-0.10885,-0.9098
-0.4559,-0.1268,-0.88095
-0.36467,-0.17758,-0.91405
0.32628,-0.12882,-0.93646
0.39053,-0.10866,-0.91415
0.4456,-0.1546,-0.88178
-0.41566,-0.033938,-0.90889
-0.46458,-0.066111,-0.88306
-0.35837,-0.056826,-0.93185
0.34302,-0.058889,-0.93748
0.40403,-0.040038,-0.91387
0.45192,-0.08889,-0.88762
0.46298,-0.020816,-0.88612
0.51076,-0.069458,-0.85692
-0.42289,0.036321,-0.90545
-0.47543,0.0014075,-0.87975
-0.36299,0.012307,-0.93171
0.4168,0.02965,-0.90851
0.4738,0.048507,-0.87929
0.51973,-0.004298,-0.85432
-0.42123,0.10134,-0.90128
-0.48261,0.071317,-0.87293
-0.36397,0.081191,-0.92787
0.32511,0.13372,-0.93618
0.37429,0.081485,-0.92372
0.43718,0.099572,-0.89385
0.52649,0.060656,-0.84802
-0.40943,0.16731,-0.89687
-0.46714,0.14299,-0.87255
-0.35826,0.14849,-0.92174
-0.30356,0.18576,-0.93453
0.33811,0.20071,-0.91946
0.38723,0.14822,-0.90999
0.50124,0.11814,-0.85721
0.44864,0.16305,-0.87871
-0.43717,0.21615,-0.87302
-0.36741,0.22261,-0.90303
-0.4047,0.27685,-0.87154
-0.30731,0.24488,-0.91956
0.29172,0.25318,-0.92239
0.35586,0.26663,-0.8957
0.39881,0.21393,-0.89173
0.45453,0.22955,-0.86065
-0.34065,0.29479,-0.89278
-0.39496,0.3398,-0.85355
-0.26548,0.28991,-0.9195
-0.21749,0.33991,-0.91496
-0.1516,0.33143,-0.93122
-0.085753,0.32497,-0.94183
0.12983,0.3382,-0.93207
0.19421,0.35454,-0.91465
0.26589,0.36402,-0.89263
0.31154,0.31655,-0.89596
0.41569,0.28203,-0.86467
0.37434,0.33214,-0.86577
-0.33941,0.35707,-0.87023
-0.28329,0.34713,-0.89401
-0.17683,0.39255,-0.90257
-0.24378,0.40233,-0.88244
-0.10758,0.38819,-0.91528
-0.043167,0.37327,-0.92672
0.011446,0.41475,-0.90986
0.079373,0.38145,-0.92098
0.14381,0.40588,-0.90254
0.22082,0.40887,-0.88547
0.33002,0.38007,-0.86408
0.2856,0.42639,-0.85827
-0.2018,0.45158,-0.86911
-0.13282,0.44307,-0.88659
-0.057366,0.43992,-0.8962
-0.099787,0.49243,-0.86461
0.0098812,0.47023,-0.88249
0.076973,0.44073,-0.89433
0.18459,0.45355,-0.87191
0.13053,0.47556,-0.86995
0.2445,0.4724,-0.84679
-0.045088,0.50693,-0.86081
0.016395,0.52861,-0.84871
0.073245,0.50261,-0.86141
-0.02441,-0.58936,-0.8075
-0.092395,-0.59976,-0.79483
-0.055819,-0.64221,-0.7645
0.042347,-0.57694,-0.81569
0.013367,-0.63399,-0.77323
0.074697,-0.62065,-0.78052
-0.25069,-0.51857,-0.81746
-0.31065,-0.53706,-0.78426
-0.26151,-0.57272,-0.77692
-0.18384,-0.51409,-0.8378
-0.20014,-0.5671,-0.79896
-0.11326,-0.50773,-0.85404
-0.13425,-0.55946,-0.81791
-0.063348,-0.54329,-0.83715
0.0029972,-0.5311,-0.8473
0.1173,-0.57791,-0.80762
0.076638,-0.52798,-0.84579
0.14438,-0.51707,-0.84368
0.18124,-0.55471,-0.81206
0.22413,-0.50991,-0.83052
0.23645,-0.57424,-0.7838
0.28,-0.53764,-0.79533
-0.36505,-0.45448,-0.81252
-0.42477,-0.46474,-0.77691
-0.36645,-0.50565,-0.78104
-0.30454,-0.47523,-0.82548
0.25033,-0.45363,-0.85531
0.29913,-0.48956,-0.81905
0.32188,-0.43504,-0.84091
0.38746,-0.4209,-0.82019
0.3641,-0.48087,-0.79762
0.42729,-0.46393,-0.77601
-0.44854,-0.35581,-0.81988
-0.50743,-0.3574,-0.78408
-0.47117,-0.41508,-0.77827
-0.41037,-0.40731,-0.8159
0.40949,-0.35775,-0.83925
0.45006,-0.40047,-0.79817
-0.51379,-0.23475,-0.82518
-0.59058,-0.28204,-0.75609
-0.53661,-0.29119,-0.792
-0.48048,-0.298,-0.82482
0.42629,-0.28985,-0.85689
0.4691,-0.3344,-0.81739
0.48408,-0.26718,-0.83323
0.52734,-0.30849,-0.79167
-0.54605,-0.16734,-0.82087
-0.5698,-0.22357,-0.79079
0.4954,-0.20037,-0.84524
0.5413,-0.24185,-0.80529
0.55197,-0.17493,-0.81531
0.59661,-0.21295,-0.77376
-0.51443,-0.11406,-0.84992
-0.60038,-0.15079,-0.78537
0.50341,-0.13446,-0.85352
0.56033,-0.1084,-0.82115
0.60659,-0.14536,-0.78161
-0.58167,-0.031765,-0.81281
-0.62845,-0.082382,-0.77348
-0.57138,-0.096981,-0.81494
-0.52407,-0.049389,-0.85024
0.56801,-0.042093,-0.82194
0.61457,-0.077492,-0.78505
-0.58825,0.039742,-0.8077
-0.63024,-0.0062182,-0.77638
-0.53232,0.015174,-0.84641
0.57464,0.025278,-0.81802
0.62065,-0.0089194,-0.78404
-0.63377,0.06841,-0.77049
-0.54306,0.077141,-0.83614
-0.58862,0.11704,-0.79989
0.56693,0.097218,-0.81801
0.6188,0.062994,-0.78302
-0.52281,0.13161,-0.84223
-0.55676,0.17756,-0.81147
0.50538,0.1822,-0.84344
0.55702,0.15801,-0.81533
0.61319,0.13163,-0.77889
-0.49695,0.19855,-0.84476
-0.57942,0.23354,-0.78085
-0.46934,0.26635,-0.84189
0.50714,0.2452,-0.82625
0.60567,0.19752,-0.77081
0.55697,0.2234,-0.79992
-0.52796,0.24805,-0.81224
-0.45259,0.32671,-0.82971
-0.513,0.31118,-0.8
0.43516,0.34648,-0.83101
0.47317,0.29698,-0.8294
0.53662,0.2946,-0.79073
-0.43038,0.39083,-0.81365
-0.49149,0.37303,-0.78695
-0.36991,0.40801,-0.83468
-0.30495,0.41241,-0.85844
0.34732,0.44259,-0.82673
0.3913,0.39502,-0.83117
0.50041,0.34942,-0.79214
0.45397,0.40233,-0.79502
-0.46233,0.43693,-0.77159
-0.40022,0.45534,-0.79529
-0.27005,0.46516,-0.84303
-0.33432,0.46705,-0.8186
-0.22735,0.50691,-0.83148
-0.16096,0.50265,-0.84937
0.19186,0.5126,-0.83692
0.25059,0.53385,-0.80759
0.30286,0.48962,-0.81765
0.41024,0.45293,-0.79155
0.36382,0.50106,-0.78522
-0.2985,0.5232,-0.79822
-0.17374,0.55627,-0.81264
-0.24051,0.55479,-0.79647
-0.10674,0.55185,-0.82708
-0.043845,0.56451,-0.82426
0.019233,0.5803,-0.81418
0.08056,0.56081,-0.82402
0.13612,0.53646,-0.83288
0.25124,0.59118,-0.76641
0.19299,0.57209,-0.79716
0.31048,0.54787,-0.77681
-0.20586,0.60465,-0.76943
-0.13818,0.6058,-0.78352
-0.074475,0.61103,-0.78809
-0.0089162,0.62227,-0.78275
0.067467,0.6165,-0.78446
0.1344,0.59693,-0.79096
-0.12034,-0.65438,-0.74653
-0.14371,-0.70457,-0.69493
-0.099471,-0.74349,-0.66131
-0.07873,-0.69443,-0.71524
-0.036412,-0.73078,-0.68164
-0.01275,-0.68027,-0.73285
0.025452,-0.71448,-0.6992
0.063666,-0.67427,-0.73573
0.081478,-0.72809,-0.68062
0.12741,-0.69218,-0.71039
-0.29832,-0.60593,-0.73746
-0.31704,-0.65775,-0.68327
-0.25588,-0.65979,-0.70655
-0.22575,-0.61949,-0.75185
-0.18609,-0.66379,-0.7244
-0.1598,-0.61288,-0.77385
0.12616,-0.6413,-0.75685
0.18833,-0.65926,-0.72795
0.17739,-0.60858,-0.77341
0.24588,-0.62279,-0.74275
0.25059,-0.67085,-0.69797
0.30503,-0.58569,-0.75095
0.31254,-0.63157,-0.70954
0.36606,-0.64675,-0.66911
-0.4224,-0.5233,-0.74009
-0.47383,-0.54201,-0.69406
-0.41556,-0.57864,-0.70178
-0.35943,-0.56189,-0.74504
-0.35558,-0.61184,-0.70655
0.34388,-0.53769,-0.76983
0.37262,-0.58779,-0.71809
0.40333,-0.52545,-0.74915
0.4389,-0.55972,-0.7029
-0.52741,-0.41688,-0.74031
-0.57734,-0.44133,-0.68695
-0.52628,-0.48064,-0.70143
-0.47777,-0.47746,-0.73741
0.4898,-0.43837,-0.75361
0.46684,-0.5001,-0.72936
0.52881,-0.4719,-0.70546
-0.56245,-0.34424,-0.75176
-0.58335,-0.38497,-0.71519
0.51037,-0.37445,-0.77415
0.55034,-0.41046,-0.72708
0.56834,-0.34587,-0.74657
0.60714,-0.37998,-0.69785
-0.63955,-0.2651,-0.72159
-0.68104,-0.27598,-0.67825
-0.62538,-0.32843,-0.70784
0.58403,-0.28004,-0.7619
0.62418,-0.31538,-0.71479
-0.62049,-0.21072,-0.75538
-0.67386,-0.20787,-0.70902
0.64931,-0.18132,-0.73859
0.63799,-0.24892,-0.7287
0.68896,-0.21593,-0.69189
-0.68328,-0.10314,-0.72283
-0.74094,-0.10757,-0.6629
-0.70849,-0.15638,-0.68817
-0.65196,-0.14982,-0.7433
0.6581,-0.11265,-0.74445
0.69846,-0.14727,-0.70033
-0.67262,-0.037322,-0.73904
-0.71755,-0.058559,-0.69405
0.66462,-0.043346,-0.74592
0.70588,-0.077862,-0.70404
-0.67748,0.030928,-0.73489
-0.72013,0.0060438,-0.69381
0.66576,0.027862,-0.74564
0.70919,-0.0071579,-0.70498
-0.68523,0.09426,-0.7222
-0.72749,0.069223,-0.68262
-0.64229,0.13411,-0.75464
0.66306,0.09799,-0.74213
0.70881,0.06309,-0.70257
-0.68656,0.16058,-0.70912
-0.61356,0.18397,-0.76792
-0.65912,0.20896,-0.72243
0.65636,0.16691,-0.73575
0.70433,0.13249,-0.6974
-0.62285,0.25867,-0.73834
-0.6704,0.27081,-0.69081
0.59014,0.27036,-0.76069
0.64207,0.23726,-0.72901
0.69302,0.20215,-0.692
-0.57074,0.29582,-0.76599
-0.6176,0.32327,-0.71698
-0.55335,0.3535,-0.75422
0.5649,0.34162,-0.75112
0.67708,0.27102,-0.68419
0.62331,0.30789,-0.71881
-0.63424,0.37371,-0.67681
-0.52278,0.41666,-0.7437
-0.58213,0.39107,-0.71287
0.51369,0.40258,-0.75766
0.5629,0.40247,-0.72191
0.61117,0.37172,-0.69878
-0.55471,0.45506,-0.69658
-0.43231,0.49869,-0.75128
-0.49458,0.4789,-0.72529
-0.36646,0.51378,-0.77572
0.42745,0.50722,-0.74834
0.47266,0.45765,-0.75309
0.5301,0.46134,-0.71144
-0.46596,0.53841,-0.70213
-0.33773,0.56902,-0.74977
-0.40249,0.5558,-0.72738
-0.27751,0.58879,-0.75916
0.3186,0.59895,-0.73468
0.37461,0.55403,-0.74345
0.3825,0.60404,-0.69916
0.43724,0.55857,-0.70486
0.48995,0.51114,-0.70617
-0.37253,0.61084,-0.69864
-0.30946,0.62832,-0.71375
-0.17156,0.65314,-0.73755
-0.24212,0.64275,-0.72681
-0.10479,0.65816,-0.74555
-0.037726,0.66443,-0.7464
0.037542,0.66134,-0.74915
0.11509,0.64957,-0.75154
0.18825,0.63072,-0.75283
0.26221,0.63842,-0.72365
0.33004,0.64704,-0.68733
0.28105,0.6832,-0.67398
-0.20604,0.69277,-0.6911
-0.13713,0.70155,-0.6993
-0.069234,0.70683,-0.70399
0.003158,0.70517,-0.70903
0.076735,0.6977,-0.71227
0.14695,0.6862,-0.71242
0.21135,0.6751,-0.7068
-0.042809,-0.77543,-0.62998
-0.10695,-0.7868,-0.60786
-0.045536,-0.81561,-0.5768
0.020688,-0.75976,-0.64987
0.017754,-0.80204,-0.59701
0.080013,-0.77508,-0.62678
-0.27685,-0.70541,-0.65249
-0.35192,-0.6877,-0.63499
-0.31277,-0.73132,-0.60608
-0.21232,-0.70749,-0.67407
-0.23188,-0.75099,-0.61825
-0.1652,-0.74859,-0.64212
0.1382,-0.74356,-0.65423
0.19606,-0.75638,-0.62406
0.18828,-0.70772,-0.68094
0.2454,-0.71902,-0.65022
0.29967,-0.72798,-0.61663
0.30775,-0.68141,-0.66406
0.32758,-0.75618,-0.56646
0.35649,-0.70197,-0.61656
-0.45012,-0.60787,-0.65413
-0.50472,-0.58609,-0.63384
-0.47868,-0.64329,-0.59753
-0.3903,-0.63884,-0.66298
-0.42005,-0.6685,-0.61372
0.42125,-0.61534,-0.66626
0.41147,-0.6702,-0.61768
0.46435,-0.64252,-0.60955
-0.52723,-0.53295,-0.66181
-0.61881,-0.51349,-0.59447
-0.56614,-0.55617,-0.6084
0.50475,-0.53166,-0.68012
0.48054,-0.58654,-0.65196
0.54447,-0.55855,-0.62576
-0.62666,-0.45146,-0.6352
-0.6678,-0.46358,-0.58236
-0.57831,-0.49641,-0.64741
0.58892,-0.44326,-0.67579
0.56609,-0.50179,-0.65402
0.62418,-0.47628,-0.61932
-0.6306,-0.39114,-0.67034
-0.67419,-0.4015,-0.6199
0.6616,-0.34854,-0.66393
0.64291,-0.41225,-0.64553
0.6967,-0.37791,-0.60975
-0.72294,-0.28659,-0.62867
-0.76282,-0.29901,-0.57333
-0.67389,-0.33825,-0.65686
0.6766,-0.28269,-0.67992
0.71245,-0.31329,-0.62791
-0.72022,-0.21883,-0.65833
-0.76028,-0.23224,-0.60667
0.73594,-0.1804,-0.65257
0.72627,-0.24796,-0.64113
0.77137,-0.21014,-0.60068
-0.75892,-0.16333,-0.63037
0.74424,-0.11184,-0.65848
0.78001,-0.14431,-0.60891
-0.7594,-0.034121,-0.64973
-0.80204,-0.017965,-0.597
-0.78304,-0.084014,-0.61627
0.74918,-0.041859,-0.66104
0.78589,-0.075823,-0.6137
-0.7671,0.029922,-0.64083
-0.8061,0.052734,-0.58943
0.75092,0.02806,-0.6598
0.78932,-0.0066164,-0.61395
-0.76842,0.098348,-0.63234
-0.72734,0.1379,-0.67228
0.74905,0.09691,-0.65539
0.7902,0.061008,-0.6098
-0.71306,0.2142,-0.66758
-0.76021,0.16899,-0.62732
0.74123,0.16572,-0.65047
0.78548,0.1289,-0.60532
-0.71597,0.28311,-0.63815
-0.75471,0.23548,-0.61234
0.72771,0.23318,-0.64503
0.77556,0.19583,-0.60013
-0.67385,0.33026,-0.66095
-0.75293,0.30463,-0.58335
0.66284,0.33713,-0.66857
0.71285,0.29975,-0.63403
0.76067,0.26091,-0.5944
-0.71262,0.35354,-0.60595
-0.61157,0.43258,-0.66246
-0.67056,0.39891,-0.62548
0.58817,0.44347,-0.6763
0.64303,0.40471,-0.65017
0.69553,0.36684,-0.61779
-0.64518,0.45766,-0.6118
-0.52695,0.51639,-0.67503
-0.58554,0.49158,-0.64458
0.55456,0.5065,-0.66024
0.67693,0.43047,-0.59704
0.62051,0.46883,-0.62862
-0.55596,0.55184,-0.6216
-0.43589,0.59491,-0.67534
-0.49716,0.57551,-0.64932
0.43996,0.60959,-0.65942
0.49687,0.55979,-0.66315
0.54609,0.56408,-0.61936
0.60191,0.52227,-0.6041
-0.46625,0.63161,-0.61942
-0.34131,0.66536,-0.66393
-0.40521,0.64859,-0.64431
-0.27406,0.68091,-0.67916
0.33321,0.70004,-0.6316
0.38641,0.65517,-0.64918
0.49024,0.61474,-0.61787
0.44028,0.662,-0.60655
-0.37326,0.69897,-0.61002
-0.30572,0.7149,-0.62885
-0.16952,0.73995,-0.65095
-0.23728,0.73009,-0.64084
-0.10162,0.74736,-0.65661
-0.030785,0.74736,-0.66371
0.040115,0.74318,-0.66788
0.10715,0.73645,-0.66795
0.17115,0.72651,-0.6655
0.2323,0.7158,-0.65853
0.25866,0.78135,-0.56796
0.2802,0.73562,-0.61673
0.38597,0.7041,-0.59604
-0.198,0.77585,-0.59904
-0.13322,0.7847,-0.60539
-0.062233,0.78624,-0.61477
0.009151,0.78423,-0.6204
0.076401,0.78129,-0.61947
0.14489,0.77162,-0.61936
0.21238,0.76028,-0.6139
-0.27878,-0.76911,-0.57511
-0.28859,-0.8039,-0.52006
-0.23277,-0.83462,-0.49923
-0.22492,-0.79851,-0.55838
-0.1678,-0.82939,-0.53288
-0.16951,-0.7894,-0.59001
-0.10857,-0.82718,-0.55135
-0.047372,-0.85196,-0.52146
0.015895,-0.84157,-0.53992
0.078373,-0.81711,-0.57113
0.13906,-0.7891,-0.59831
0.19991,-0.79862,-0.56767
0.14074,-0.82893,-0.54135
0.25568,-0.76493,-0.59119
0.20692,-0.83345,-0.51238
0.26712,-0.7988,-0.53904
-0.44287,-0.70184,-0.55794
-0.47596,-0.72044,-0.50441
-0.40495,-0.75408,-0.51709
-0.38138,-0.71991,-0.5799
-0.34323,-0.76368,-0.54679
0.38182,-0.76048,-0.52524
0.44224,-0.74246,-0.50317
0.39746,-0.72102,-0.56758
0.45513,-0.69364,-0.55832
-0.54064,-0.61112,-0.57814
-0.56208,-0.63929,-0.52477
-0.50536,-0.66983,-0.54401
0.51907,-0.60885,-0.59989
0.51352,-0.65426,-0.5552
0.56998,-0.59889,-0.56254
-0.65805,-0.5228,-0.5419
-0.65804,-0.56643,-0.49613
-0.60328,-0.5739,-0.5538
0.59837,-0.53399,-0.59733
0.62299,-0.55869,-0.5475
0.65941,-0.50259,-0.55909
-0.71363,-0.41215,-0.56645
-0.74906,-0.42287,-0.50999
-0.70658,-0.47281,-0.52649
0.67568,-0.43969,-0.59172
0.7112,-0.49909,-0.49508
0.70739,-0.45881,-0.53768
-0.7168,-0.34924,-0.60352
-0.75534,-0.35892,-0.5483
0.74602,-0.33942,-0.57293
0.73014,-0.40206,-0.55249
0.77492,-0.36623,-0.51514
-0.7973,-0.24971,-0.5495
-0.83082,-0.25596,-0.49419
-0.802,-0.31104,-0.50995
0.76105,-0.27688,-0.58664
0.793,-0.30464,-0.52759
-0.799,-0.1878,-0.57126
-0.83594,-0.19516,-0.51296
0.80305,-0.23734,-0.5466
-0.80013,-0.12799,-0.58601
-0.83615,-0.13173,-0.53245
0.81973,-0.10857,-0.56237
0.81459,-0.17256,-0.55377
0.85431,-0.13168,-0.50282
-0.82864,-0.06677,-0.55578
0.82397,-0.040624,-0.56517
0.85518,-0.073078,-0.51316
-0.83817,0.0079586,-0.54535
0.82759,0.024803,-0.56078
0.8613,-0.01261,-0.50795
-0.80443,0.12047,-0.5817
-0.84311,0.072264,-0.53287
0.82545,0.091744,-0.55698
0.86099,0.052953,-0.50586
-0.79601,0.18677,-0.57575
-0.83738,0.14025,-0.52833
0.81862,0.15858,-0.55201
0.85652,0.12073,-0.50179
-0.79086,0.25457,-0.55654
-0.82826,0.20347,-0.5221
0.7896,0.28738,-0.54216
0.80699,0.224,-0.54643
-0.82308,0.27159,-0.49878
-0.7877,0.32151,-0.52551
0.74416,0.32766,-0.58211
0.77347,0.35296,-0.52646
-0.74823,0.37167,-0.54956
-0.75228,0.42275,-0.50533
0.71325,0.45064,-0.53684
0.72772,0.39238,-0.56256
-0.70475,0.42346,-0.56921
-0.61344,0.5213,-0.59324
-0.66812,0.48601,-0.5634
0.66006,0.48762,-0.57144
0.69716,0.50555,-0.50832
-0.63343,0.55315,-0.5411
-0.52478,0.6106,-0.5931
-0.58062,0.58446,-0.56682
0.53534,0.61896,-0.57472
0.59124,0.57425,-0.56628
0.64437,0.54029,-0.54118
-0.55236,0.6413,-0.53256
-0.43602,0.68365,-0.58525
-0.49564,0.66457,-0.55919
0.49107,0.66724,-0.56004
0.53345,0.67203,-0.51362
0.57496,0.62577,-0.5271
-0.46568,0.71422,-0.52253
-0.33708,0.74494,-0.57571
-0.40189,0.73134,-0.55103
-0.2691,0.76158,-0.58956
0.32649,0.75237,-0.57213
0.44429,0.70814,-0.54877
0.38653,0.7426,-0.54694
0.48907,0.71863,-0.49435
-0.36122,0.77603,-0.51701
-0.30191,0.78906,-0.53501
-0.22922,0.80281,-0.55041
-0.093352,0.82089,-0.56341
-0.16044,0.82133,-0.54742
-0.019787,0.82048,-0.57134
0.045224,0.82185,-0.56791
0.11655,0.81219,-0.57163
0.18658,0.80104,-0.5688
0.29681,0.80168,-0.51886
0.22666,0.82366,-0.51982
0.35663,0.7833,-0.50916
-0.10508,0.85686,-0.50472
-0.043919,0.85088,-0.52352
0.014842,0.85968,-0.51061
0.086226,0.84845,-0.52221
0.15671,0.83954,-0.52021
-0.17606,-0.86093,-0.47728
-0.23068,-0.8701,-0.43556
-0.16245,-0.89053,-0.42494
-0.11361,-0.86515,-0.48848
-0.096461,-0.89923,-0.42671
-0.047957,-0.88154,-0.46967
-0.022135,-0.90747,-0.41954
0.019082,-0.87747,-0.47924
0.04193,-0.90803,-0.41681
0.079404,-0.85395,-0.51426
0.090706,-0.88415,-0.45831
0.14828,-0.86247,-0.48389
0.16293,-0.89181,-0.42205
0.21261,-0.8665,-0.45164
-0.34709,-0.80029,-0.48895
-0.39429,-0.79973,-0.45273
-0.34188,-0.83938,-0.42255
-0.29001,-0.83927,-0.45992
0.26778,-0.83523,-0.48029
0.32609,-0.83003,-0.45245
0.32499,-0.7967,-0.50956
0.38702,-0.79192,-0.47231
0.38178,-0.826,-0.41469
0.4402,-0.78338,-0.43879
-0.53494,-0.69347,-0.48264
-0.56756,-0.70841,-0.41955
-0.50762,-0.74221,-0.43755
-0.44895,-0.76151,-0.46748
0.50242,-0.7008,-0.5064
0.49361,-0.74254,-0.45276
0.552,-0.69657,-0.45835
-0.61238,-0.61043,-0.50237
-0.64841,-0.61703,-0.44591
-0.59175,-0.66083,-0.46168
0.61479,-0.60593,-0.50485
0.56129,-0.65107,-0.51093
0.60771,-0.65036,-0.45576
-0.70562,-0.51998,-0.48138
-0.74496,-0.51858,-0.41966
-0.69733,-0.56963,-0.43502
0.66797,-0.54909,-0.50231
0.66077,-0.59728,-0.45457
0.71043,-0.54516,-0.44507
-0.75101,-0.47002,-0.46375
0.75511,-0.43532,-0.49021
0.75443,-0.4854,-0.44183
0.79588,-0.43215,-0.42406
-0.78616,-0.37191,-0.49359
-0.82415,-0.34605,-0.44836
-0.79162,-0.41604,-0.44748
0.79779,-0.3858,-0.46335
-0.84864,-0.28718,-0.44423
0.83155,-0.25768,-0.49206
0.82369,-0.32423,-0.4652
0.85721,-0.27032,-0.43831
-0.86884,-0.15246,-0.47103
-0.89399,-0.17206,-0.41374
-0.86655,-0.21967,-0.44815
0.84533,-0.19425,-0.49768
0.87272,-0.20691,-0.44221
-0.86705,-0.090227,-0.48999
-0.89897,-0.10175,-0.42603
0.88307,-0.14019,-0.4478
-0.86276,-0.031965,-0.50461
-0.89537,-0.038982,-0.44361
0.88689,-0.068744,-0.45685
-0.87662,0.026873,-0.48043
-0.91132,0.0098562,-0.41159
0.89112,0.0058489,-0.45373
-0.8723,0.099608,-0.47872
-0.89881,0.071188,-0.43253
0.88871,0.079595,-0.45152
-0.86891,0.16002,-0.46839
-0.90185,0.13639,-0.40996
0.84779,0.18803,-0.49588
-0.8875,0.20338,-0.41349
-0.85512,0.2215,-0.46873
0.83428,0.25249,-0.49012
0.86941,0.22731,-0.4387
-0.82691,0.32405,-0.45959
-0.86027,0.27096,-0.43188
0.81535,0.31213,-0.48763
0.84954,0.3,-0.43391
-0.79064,0.37481,-0.48415
-0.8267,0.37654,-0.41806
0.76193,0.41106,-0.5005
0.79283,0.42449,-0.4373
0.8072,0.36581,-0.46327
-0.78905,0.429,-0.43972
-0.71656,0.47096,-0.51452
-0.75111,0.47909,-0.45421
0.67922,0.55853,-0.47613
0.74688,0.46791,-0.47247
-0.71283,0.52972,-0.45964
-0.60886,0.60989,-0.50726
-0.68058,0.5237,-0.5124
0.62778,0.59298,-0.50425
0.70437,0.5779,-0.41218
-0.6615,0.5777,-0.47821
-0.52219,0.69456,-0.49487
-0.5825,0.66191,-0.47176
0.59574,0.64967,-0.47225
0.61716,0.6678,-0.41613
0.65251,0.61398,-0.44415
-0.55328,0.71019,-0.43532
-0.42942,0.75769,-0.49143
-0.48827,0.74556,-0.45357
0.42767,0.7553,-0.49661
0.5528,0.69765,-0.45574
0.46122,0.7689,-0.44279
0.57847,0.71312,-0.39601
-0.43164,0.79216,-0.43148
-0.3798,0.79964,-0.46511
-0.2688,0.82393,-0.49889
-0.32132,0.82469,-0.46544
-0.20822,0.84236,-0.49707
0.26452,0.84239,-0.46948
0.33054,0.82604,-0.45651
0.36743,0.84154,-0.39598
0.39233,0.7992,-0.45536
-0.25716,0.85812,-0.44441
-0.19238,0.88004,-0.43419
-0.15398,0.86221,-0.48258
-0.052065,0.88267,-0.4671
0.063487,0.88132,-0.46823
0.12712,0.87424,-0.46855
0.19511,0.86263,-0.46669
0.23139,0.8794,-0.41607
0.29491,0.86284,-0.41053
-0.2826,-0.87394,-0.39542
-0.34187,-0.86964,-0.35617
-0.28357,-0.899,-0.33375
-0.21444,-0.90207,-0.37455
-0.13746,-0.91834,-0.37115
-0.064093,-0.9267,-0.3703
0.0072807,-0.93274,-0.36047
0.10938,-0.90949,-0.40108
0.15817,-0.92176,-0.35403
0.2203,-0.89798,-0.38093
0.26783,-0.86879,-0.41649
0.32282,-0.86069,-0.39371
0.2884,-0.89308,-0.3453
0.36419,-0.86212,-0.3523
-0.44787,-0.79334,-0.41235
-0.49714,-0.77939,-0.38132
-0.45209,-0.82178,-0.34683
-0.39665,-0.83302,-0.38568
0.42721,-0.82253,-0.37543
0.48673,-0.78162,-0.39008
-0.60728,-0.709,-0.35851
-0.54847,-0.74945,-0.37082
0.5411,-0.73794,-0.40331
0.53382,-0.77403,-0.34046
0.59834,-0.69192,-0.40403
0.58545,-0.73086,-0.35085
-0.68018,-0.62283,-0.38657
-0.62708,-0.66662,-0.40297
0.65309,-0.64101,-0.40321
0.64345,-0.68013,-0.35127
0.70237,-0.59122,-0.39641
-0.76972,-0.52669,-0.36074
-0.72684,-0.57597,-0.37411
0.75055,-0.53237,-0.39148
0.74081,-0.5778,-0.34257
0.78637,-0.52183,-0.33063
-0.79116,-0.46156,-0.40129
-0.83659,-0.42346,-0.34757
-0.80773,-0.47946,-0.34305
0.79355,-0.47655,-0.3784
-0.82978,-0.39034,-0.39887
0.83508,-0.36689,-0.40993
0.83394,-0.41349,-0.36548
0.87006,-0.35221,-0.34488
-0.88586,-0.25186,-0.38963
-0.89477,-0.29611,-0.33423
-0.86209,-0.32264,-0.39077
0.86499,-0.31067,-0.39405
-0.91123,-0.1947,-0.36297
0.89081,-0.24377,-0.38345
-0.92207,-0.12342,-0.36682
0.91165,-0.10413,-0.39755
0.90464,-0.1759,-0.38818
0.93028,-0.14199,-0.33825
-0.92608,-0.053843,-0.37347
0.91528,-0.033934,-0.40138
0.93696,-0.070394,-0.34227
-0.93705,0.0112,-0.34901
0.91585,0.03948,-0.39957
0.93852,0.0010347,-0.34523
-0.92407,0.074286,-0.37494
0.91074,0.11261,-0.39734
0.93616,0.074074,-0.34368
-0.92963,0.13443,-0.34309
0.88172,0.15361,-0.44606
0.92776,0.14736,-0.34284
-0.89143,0.25911,-0.37177
-0.91428,0.1938,-0.35572
0.88724,0.25877,-0.3819
0.90131,0.18703,-0.39072
-0.86128,0.32224,-0.39288
-0.89133,0.31148,-0.32942
0.87029,0.31997,-0.37445
-0.8588,0.37289,-0.35131
-0.82176,0.4289,-0.37516
0.83538,0.36924,-0.40719
0.86246,0.37323,-0.34186
-0.7821,0.48488,-0.39142
-0.74208,0.53668,-0.40162
0.72917,0.52214,-0.44236
0.77739,0.48045,-0.40599
0.82176,0.42943,-0.37456
-0.69407,0.58541,-0.41899
-0.769,0.54108,-0.34039
0.71872,0.60001,-0.35132
0.75428,0.53671,-0.37816
-0.72328,0.59136,-0.35658
-0.63901,0.62852,-0.44344
-0.67028,0.63665,-0.38132
0.63324,0.68898,-0.35258
0.67027,0.63589,-0.3826
-0.61282,0.67682,-0.40787
-0.52897,0.75172,-0.39384
-0.58641,0.72122,-0.36872
0.51411,0.7428,-0.42889
0.59163,0.73585,-0.32938
0.53919,0.75601,-0.37111
-0.50799,0.79102,-0.34093
-0.47246,0.78994,-0.39087
-0.36912,0.83371,-0.4107
-0.41784,0.83036,-0.36866
0.42657,0.80942,-0.40358
0.427,0.83525,-0.34644
0.4832,0.79188,-0.37342
-0.35758,0.86615,-0.34918
-0.3087,0.86242,-0.40117
-0.24335,0.88975,-0.38617
-0.11791,0.8936,-0.4331
-0.17303,0.90855,-0.38027
-0.053911,0.91179,-0.40709
0.0090014,0.89585,-0.44427
0.083704,0.90733,-0.41201
0.15252,0.89711,-0.41465
0.26053,0.89989,-0.34975
0.19641,0.90692,-0.37271
0.32274,0.87612,-0.35812
0.37598,0.86822,-0.32376
-0.10919,0.9238,-0.36698
-0.043204,0.93801,-0.34389
0.012795,0.92246,-0.38587
0.070122,0.93202,-0.35557
0.13284,0.92754,-0.34932
-0.096113,-0.94395,-0.31579
-0.16788,-0.93287,-0.31869
-0.13611,-0.95436,-0.26584
-0.030912,-0.95131,-0.30668
-0.069867,-0.9662,-0.24813
0.042562,-0.95198,-0.30319
0.0078641,-0.96764,-0.25221
0.078979,-0.93156,-0.35489
0.081113,-0.96644,-0.24374
0.11365,-0.94727,-0.29962
-0.39737,-0.86049,-0.31883
-0.4041,-0.8788,-0.25379
-0.341,-0.89539,-0.28636
-0.26883,-0.9246,-0.26991
-0.22437,-0.92333,-0.31165
0.17631,-0.93996,-0.29223
0.22906,-0.9198,-0.31859
0.27901,-0.92003,-0.27511
0.34067,-0.89197,-0.29721
-0.51385,-0.79643,-0.31885
-0.55746,-0.78467,-0.27118
-0.5112,-0.82244,-0.24954
-0.45874,-0.84124,-0.28614
0.4102,-0.85664,-0.3129
0.45551,-0.84879,-0.26845
0.47167,-0.81744,-0.33064
0.51593,-0.80732,-0.28644
-0.662,-0.66889,-0.33815
-0.63898,-0.71123,-0.29301
-0.5807,-0.75079,-0.31482
0.58031,-0.76286,-0.28511
0.62782,-0.71692,-0.30311
-0.71065,-0.62522,-0.32261
-0.75574,-0.57685,-0.30999
-0.69172,-0.67018,-0.26905
0.68026,-0.67541,-0.28472
0.69371,-0.63422,-0.34136
-0.79892,-0.52425,-0.29477
-0.8294,-0.50549,-0.23785
-0.78426,-0.56877,-0.24788
0.73217,-0.61782,-0.28676
0.77401,-0.56695,-0.2819
-0.83911,-0.46205,-0.28707
0.82876,-0.45912,-0.31994
0.81911,-0.50406,-0.27382
0.85766,-0.4464,-0.25525
-0.86787,-0.36238,-0.33984
-0.89833,-0.33925,-0.27911
-0.8697,-0.40278,-0.28529
0.86644,-0.39835,-0.30098
-0.9235,-0.27513,-0.26731
0.8991,-0.28643,-0.33104
0.90005,-0.33182,-0.2825
0.92748,-0.25997,-0.26868
-0.9181,-0.23585,-0.31855
0.9194,-0.21724,-0.3279
0.94243,-0.18028,-0.28164
-0.94583,-0.095282,-0.31036
-0.95871,-0.13512,-0.25023
-0.93679,-0.16387,-0.30916
0.95314,-0.10746,-0.28281
-0.95261,-0.034187,-0.30225
-0.96759,-0.0691,-0.24289
0.95763,-0.034736,-0.28591
-0.95954,0.027599,-0.2802
-0.97304,-0.0032672,-0.2306
0.95712,0.035415,-0.28753
-0.94702,0.074428,-0.31243
-0.96962,0.07617,-0.23247
0.95201,0.1074,-0.2866
-0.95386,0.12288,-0.27396
-0.93932,0.18403,-0.28949
0.94073,0.17772,-0.28887
-0.91858,0.24708,-0.3085
0.91535,0.22478,-0.33407
0.95058,0.20421,-0.23388
-0.917,0.29819,-0.26496
0.89856,0.30187,-0.31854
0.92701,0.2525,-0.27729
-0.88705,0.36234,-0.28609
-0.85145,0.4233,-0.3096
0.88616,0.36627,-0.28384
-0.81196,0.48078,-0.331
-0.83958,0.47329,-0.26665
0.80267,0.48929,-0.34106
0.84672,0.4306,-0.3125
-0.79889,0.52937,-0.28557
-0.74939,0.59471,-0.2911
0.76356,0.56006,-0.32142
0.80067,0.52545,-0.28781
-0.6983,0.64184,-0.31689
-0.66669,0.6918,-0.27739
0.68307,0.65738,-0.31822
0.69608,0.67178,-0.25332
0.73123,0.61857,-0.28753
-0.64346,0.68431,-0.34306
-0.61304,0.73023,-0.30157
0.53148,0.7855,-0.31705
0.58029,0.76601,-0.27658
0.64306,0.71047,-0.28584
-0.55906,0.76319,-0.32402
-0.45976,0.82832,-0.32017
-0.51463,0.8106,-0.27944
0.42621,0.86087,-0.27793
0.47853,0.82334,-0.30515
0.52783,0.81074,-0.25315
-0.46072,0.85092,-0.25232
-0.40627,0.86271,-0.30114
-0.29328,0.89449,-0.33746
-0.34003,0.8953,-0.28778
-0.22752,0.91676,-0.32831
0.19766,0.92792,-0.31605
0.31545,0.90096,-0.29794
0.25618,0.92467,-0.2817
0.36769,0.89398,-0.25614
-0.27688,0.92191,-0.27095
-0.2151,0.93945,-0.26676
-0.16168,0.93436,-0.31753
-0.09475,0.94892,-0.30094
0.017241,0.94838,-0.31667
0.083578,0.95209,-0.29417
0.14319,0.95004,-0.27733
0.19935,0.94718,-0.25122
-0.19994,-0.94812,-0.24715
-0.25214,-0.94616,-0.20297
-0.19352,-0.9655,-0.17424
-0.13525,-0.96903,-0.20661
-0.076651,-0.98169,-0.1744
-0.021176,-0.97947,-0.20046
0.04737,-0.98072,-0.18958
0.11738,-0.97687,-0.17876
0.15029,-0.96077,-0.2331
0.21891,-0.94501,-0.24299
0.19325,-0.96537,-0.17528
0.26703,-0.94178,-0.20432
-0.46265,-0.8592,-0.21847
-0.47586,-0.86661,-0.15015
-0.41756,-0.8907,-0.17973
-0.36481,-0.90775,-0.20712
-0.31284,-0.9213,-0.23097
0.3297,-0.91583,-0.22926
0.38173,-0.90575,-0.18413
0.39184,-0.88492,-0.25176
0.44113,-0.87405,-0.20355
-0.57163,-0.79315,-0.21013
-0.52339,-0.83198,-0.18404
0.49948,-0.83716,-0.22287
0.55084,-0.81628,-0.17398
0.55276,-0.79898,-0.23684
0.60106,-0.77063,-0.2118
-0.66756,-0.71031,-0.22321
-0.6135,-0.74957,-0.2485
0.63921,-0.7288,-0.24546
0.64848,-0.74087,-0.17491
0.68633,-0.69546,-0.21278
-0.73715,-0.62474,-0.25752
-0.71874,-0.6671,-0.19595
0.72325,-0.6487,-0.23684
0.73721,-0.65277,-0.17442
0.76908,-0.60139,-0.21644
-0.81414,-0.54745,-0.19358
-0.76498,-0.61187,-0.20104
0.80454,-0.54784,-0.22932
-0.86644,-0.44506,-0.22627
-0.88841,-0.42935,-0.16243
-0.85486,-0.48887,-0.17384
0.84404,-0.49473,-0.20697
0.87876,-0.43795,-0.1897
-0.89581,-0.38428,-0.22328
0.89213,-0.38429,-0.23756
-0.92324,-0.31775,-0.21601
0.92277,-0.31542,-0.22138
0.94729,-0.25688,-0.19146
-0.94404,-0.20613,-0.25747
-0.96464,-0.17708,-0.19523
-0.94669,-0.2484,-0.20512
0.95137,-0.20878,-0.22651
-0.97675,-0.11001,-0.184
0.96439,-0.14207,-0.22309
-0.98361,-0.043221,-0.17505
0.97142,-0.06881,-0.22716
-0.98401,0.03126,-0.17537
0.97428,0.0013954,-0.22534
-0.97951,0.10204,-0.17361
0.97104,0.068968,-0.22874
-0.96205,0.15966,-0.22131
-0.97327,0.16707,-0.15761
0.96387,0.13909,-0.22719
-0.94254,0.23068,-0.24167
-0.95794,0.22577,-0.17714
0.94364,0.25864,-0.20651
-0.93576,0.28978,-0.20093
-0.90957,0.35256,-0.21996
0.91671,0.31266,-0.24877
0.9317,0.31669,-0.17789
-0.87684,0.41404,-0.24439
-0.89722,0.40423,-0.17777
0.87182,0.42337,-0.24633
0.90373,0.37074,-0.21408
-0.86284,0.46398,-0.20059
-0.82683,0.51862,-0.21766
0.83608,0.47749,-0.27014
0.85336,0.48044,-0.20237
-0.78577,0.56906,-0.24236
-0.80345,0.5686,-0.17654
0.78815,0.58652,-0.1866
0.81649,0.53251,-0.2231
-0.75826,0.61567,-0.21446
-0.7172,0.64986,-0.25163
-0.7276,0.66244,-0.17826
0.74332,0.632,-0.21922
0.77421,0.58001,-0.25334
-0.68191,0.70035,-0.21099
-0.62942,0.74005,-0.23698
-0.64321,0.74648,-0.17045
0.62086,0.74729,-0.23682
0.66687,0.71445,-0.21177
-0.58815,0.78431,-0.19733
-0.57267,0.77734,-0.26038
-0.52646,0.82123,-0.22004
0.47645,0.84742,-0.23426
0.57435,0.79154,-0.20877
0.525,0.83126,-0.18271
-0.43057,0.8804,-0.19873
-0.38884,0.88859,-0.24335
-0.32436,0.91957,-0.22179
0.30438,0.92381,-0.23223
0.41956,0.88285,-0.21105
0.35552,0.91507,-0.19041
0.47153,0.86612,-0.16582
-0.25932,0.94484,-0.20009
-0.19709,0.95766,-0.20989
-0.14554,0.95596,-0.25487
-0.031708,0.96126,-0.27382
0.034821,0.96786,-0.24905
0.10218,0.96891,-0.22533
0.16745,0.96553,-0.19929
0.24277,0.94732,-0.20893
0.29175,0.9423,-0.16417
-0.3108,-0.93609,-0.16471
-0.31355,-0.94475,-0.095572
-0.25316,-0.95826,-0.13284
-0.19365,-0.97562,-0.10324
-0.13266,-0.98165,-0.13701
-0.06283,-0.99215,-0.1081
-0.0047872,-0.99024,-0.13929
0.065167,-0.98995,-0.12552
0.13715,-0.9834,-0.1188
0.19936,-0.97441,-0.10385
0.25706,-0.95582,-0.14255
-0.48519,-0.87028,-0.084875
-0.42319,-0.89899,-0.11283
-0.36741,-0.92071,-0.13157
0.32286,-0.93291,-0.15949
0.37914,-0.91834,-0.11361
0.43328,-0.89084,-0.13664
-0.58307,-0.79885,-0.14785
-0.53513,-0.83653,-0.11769
0.49453,-0.85418,-0.16065
0.54533,-0.83104,-0.10949
0.60044,-0.78663,-0.14382
-0.67986,-0.71659,-0.15582
-0.7219,-0.68161,-0.11944
-0.63648,-0.76218,-0.11825
-0.62827,-0.7559,-0.1841
0.65417,-0.74825,-0.11038
0.69814,-0.70122,-0.14453
-0.75855,-0.6367,-0.13859
0.74544,-0.65759,-0.10908
0.78176,-0.60593,-0.14732
-0.83723,-0.53191,-0.12699
-0.79704,-0.5851,-0.1496
0.81643,-0.55177,-0.17027
0.82295,-0.55769,-0.10829
0.88086,-0.46469,-0.090273
-0.90913,-0.4026,-0.10679
-0.8736,-0.4751,-0.10533
0.85689,-0.49563,-0.14176
-0.91725,-0.36265,-0.16473
0.91206,-0.37013,-0.17649
0.89649,-0.42283,-0.13238
0.92555,-0.36301,-0.10767
-0.94343,-0.29321,-0.15481
-0.9596,-0.26379,-0.097864
-0.93473,-0.33955,-0.10478
0.93895,-0.30949,-0.15026
-0.96496,-0.21925,-0.14417
0.96177,-0.24409,-0.12413
-0.98043,-0.15096,-0.12634
0.97965,-0.10578,-0.17056
0.96919,-0.18492,-0.16275
0.98412,-0.13482,-0.11548
-0.98963,-0.084854,-0.11592
0.98557,-0.032859,-0.16605
0.99186,-0.067858,-0.10779
-0.99311,-0.010349,-0.11672
0.98576,0.039984,-0.16336
0.99436,0.0064145,-0.10591
-0.99167,0.060864,-0.11348
0.97958,0.10638,-0.17058
0.99229,0.077215,-0.096961
-0.9857,0.13055,-0.10653
0.96678,0.18776,-0.17342
0.98222,0.14064,-0.12437
-0.9722,0.2091,-0.10538
0.95629,0.25517,-0.14278
-0.95055,0.27984,-0.13472
-0.92758,0.34182,-0.15085
0.94275,0.31517,-0.10909
-0.91123,0.39625,-0.11249
0.88615,0.4282,-0.17716
0.91633,0.37358,-0.14417
-0.87772,0.45921,-0.13685
-0.8438,0.51544,-0.14943
0.86465,0.48445,-0.13298
-0.8167,0.5664,-0.11039
0.79945,0.58892,-0.11851
0.82921,0.53625,-0.15765
-0.77299,0.61775,-0.14446
-0.73842,0.66561,-0.10818
0.71251,0.67804,-0.18055
0.75718,0.63596,-0.1491
-0.69201,0.70819,-0.13997
-0.65335,0.75049,-0.099541
0.62469,0.76189,-0.17113
0.67392,0.72492,-0.14257
-0.60309,0.78712,-0.12935
-0.54755,0.82196,-0.15677
-0.55927,0.82418,-0.08916
0.52389,0.8443,-0.11272
0.57611,0.80517,-0.1407
-0.50175,0.85658,-0.12053
-0.48454,0.85578,-0.18127
-0.37378,0.91085,-0.17507
-0.43154,0.89213,-0.1337
0.33906,0.9326,-0.12364
0.40509,0.90213,-0.14854
0.45528,0.88373,-0.10837
-0.36758,0.92356,-0.10922
-0.31209,0.93757,-0.15352
-0.25239,0.95933,-0.1264
-0.13413,0.97336,-0.18595
-0.19589,0.9691,-0.14994
-0.08275,0.9695,-0.23072
-0.018758,0.97856,-0.20512
0.045643,0.98238,-0.18125
0.16835,0.97709,-0.13021
0.10868,0.98148,-0.15776
0.22442,0.96347,-0.14617
0.26868,0.95821,-0.098189
-0.1285,0.98451,-0.11927
-0.070817,0.98456,-0.1601
-0.0065514,0.99088,-0.13462
0.058165,0.99219,-0.11033
-0.31245,-0.94949,-0.029147
-0.25266,-0.96553,-0.06261
-0.18688,-0.98177,-0.034696
-0.12857,-0.98906,-0.072319
-0.067067,-0.99673,-0.045099
0.009641,-0.99711,-0.075369
0.086489,-0.99418,-0.064258
0.15543,-0.98663,-0.049079
0.22068,-0.97492,-0.028858
0.25914,-0.96281,-0.076406
-0.48314,-0.87539,-0.016386
-0.43164,-0.90049,-0.052947
-0.37247,-0.92641,-0.055034
0.31631,-0.94413,-0.092511
0.36517,-0.92965,-0.049086
0.43196,-0.89979,-0.061593
0.48352,-0.86941,-0.10167
0.50156,-0.86374,-0.04885
-0.58878,-0.80416,-0.081678
-0.63796,-0.76847,-0.04958
-0.58811,-0.80867,-0.013456
-0.53803,-0.84152,-0.048739
0.56044,-0.82678,-0.048388
0.6063,-0.7911,-0.080989
-0.72652,-0.68547,-0.047982
-0.68275,-0.72598,-0.082513
0.66157,-0.74851,-0.045342
0.70425,-0.70569,-0.077718
-0.80361,-0.58828,-0.090189
-0.80671,-0.59037,-0.026129
-0.76609,-0.63875,-0.071435
0.74646,-0.66418,-0.040897
0.7864,-0.61279,-0.077873
-0.84235,-0.53517,-0.063611
0.82094,-0.56975,-0.037933
0.85336,-0.51691,-0.067658
-0.89858,-0.43502,-0.057597
-0.87205,-0.48845,-0.030761
0.88435,-0.46628,-0.022633
-0.92651,-0.37436,-0.037849
0.9095,-0.41138,-0.059843
0.93409,-0.35508,-0.037342
-0.96815,-0.24844,-0.031005
-0.94898,-0.31073,-0.053633
0.95011,-0.30108,-0.081506
-0.97775,-0.1954,-0.076355
0.96889,-0.24226,-0.050604
-0.9904,-0.12733,-0.053832
0.97864,-0.1869,-0.085627
0.99204,-0.11541,-0.050408
-0.99697,-0.050914,-0.058829
0.99803,-0.035307,-0.051798
-0.9984,0.019361,-0.053051
0.99859,0.03514,-0.039705
-0.99479,0.089239,-0.049343
0.99497,0.098442,-0.018803
-0.98568,0.1611,-0.049779
0.97352,0.20261,-0.10582
0.98787,0.14263,-0.061378
-0.97313,0.2274,-0.036207
0.96248,0.26217,-0.069953
0.97738,0.2077,-0.039871
-0.95866,0.27375,-0.077697
-0.93745,0.3392,-0.078334
0.94982,0.31086,-0.034705
-0.91563,0.3996,-0.043984
0.8962,0.42998,-0.10925
0.9257,0.3706,-0.07576
-0.88819,0.45287,-0.077662
-0.88587,0.46357,-0.018265
0.87146,0.48635,-0.063352
0.90163,0.4301,-0.04553
-0.85573,0.51121,-0.079999
-0.82196,0.56778,-0.044822
0.80546,0.59055,-0.04993
0.83772,0.53871,-0.089518
-0.78216,0.61837,-0.076522
-0.74473,0.66625,-0.038473
0.72076,0.68419,-0.11129
0.7649,0.63911,-0.080397
-0.70055,0.71025,-0.069181
-0.65977,0.75094,-0.028317
0.62956,0.76977,-0.10535
0.67932,0.73007,-0.074278
0.72561,0.68677,-0.042813
-0.61116,0.78932,-0.058765
-0.56723,0.82339,-0.016669
0.54152,0.83998,-0.03439
0.58145,0.81018,-0.074377
0.63433,0.77212,-0.038107
-0.5166,0.85487,-0.048307
-0.4637,0.88246,-0.079045
-0.41048,0.90983,-0.060982
0.39044,0.91669,-0.085029
0.49367,0.86762,-0.059335
0.43792,0.89802,-0.042169
-0.35488,0.93423,-0.035754
-0.30642,0.94829,-0.082724
-0.24385,0.9682,-0.055876
-0.18661,0.97874,-0.085061
0.12392,0.98859,-0.085625
0.25946,0.96525,-0.031081
0.19996,0.97729,-0.070154
0.32408,0.94415,-0.059534
0.37703,0.92601,-0.018944
-0.11882,0.99159,-0.051262
-0.062276,0.99394,-0.090572
0.0028839,0.99792,-0.064333
0.068512,0.9968,-0.041075
0.13873,0.99004,-0.023928
-0.29001,-0.95665,0.026621
-0.23918,-0.97096,0.0045687
-0.18443,-0.982,0.04076
-0.12773,-0.99181,-0.0018085
-0.068228,-0.99728,0.027904
-0.013949,-0.99979,-0.014954
0.048945,-0.99876,-0.0092227
0.11411,-0.99345,0.0055708
0.17916,-0.98355,0.022827
0.24808,-0.9681,0.035312
0.29464,-0.95541,-0.019321
0.34782,-0.93748,0.012536
-0.47682,-0.87761,0.049383
-0.42066,-0.90719,0.0069985
-0.36195,-0.93194,0.022008
0.40829,-0.91283,0.0059853
0.46503,-0.88528,0.0045274
0.52528,-0.85085,0.011272
-0.6364,-0.77116,0.017571
-0.58007,-0.81285,0.052925
-0.53305,-0.84586,0.01953
0.57806,-0.81589,0.013233
0.61961,-0.78473,-0.016433
-0.72576,-0.68766,0.020239
-0.6835,-0.72988,-0.010165
0.66066,-0.75014,0.028614
0.70394,-0.71023,-0.0065259
-0.80446,-0.59242,0.043409
-0.76801,-0.64043,-0.0025992
0.74138,-0.67039,0.030449
0.78324,-0.62169,-0.0067313
-0.84074,-0.5414,0.006594
0.81818,-0.5742,0.029515
0.85413,-0.52005,0.0026489
-0.90194,-0.43182,0.0059705
-0.87154,-0.48878,0.038789
0.88372,-0.46577,0.045735
-0.927,-0.37367,0.032367
0.91137,-0.41143,0.010921
0.93405,-0.35579,0.030918
-0.96756,-0.25045,0.033104
-0.94944,-0.31389,0.0057849
0.95472,-0.29739,-0.0087128
-0.98263,-0.18542,-0.0073275
0.9718,-0.23508,0.018363
-0.99114,-0.13009,0.026895
0.98415,-0.17646,-0.017401
0.99201,-0.12307,0.027858
-0.99685,-0.079325,-0.00064041
0.99756,-0.069746,-0.00018324
-0.99983,-0.016131,0.00932
0.99985,-0.0049317,0.016833
-0.9986,0.05161,0.011431
0.99773,0.057334,0.035206
-0.99267,0.12023,0.012276
0.99082,0.12499,0.051548
-0.98259,0.18513,0.015785
0.96822,0.24995,0.0088792
0.98552,0.16943,0.0065449
-0.95378,0.29992,-0.018813
-0.96674,0.25436,0.026622
0.94896,0.31365,0.033151
-0.93404,0.35716,0.00020445
-0.90927,0.41536,0.026489
0.92925,0.36932,-0.010104
-0.88052,0.47142,0.049567
0.87429,0.48536,0.0060414
0.90382,0.42766,0.014425
-0.85529,0.51802,-0.011266
-0.81994,0.57195,0.023724
0.80589,0.59177,0.018576
0.84191,0.53923,-0.020243
-0.78499,0.61946,-0.0077741
-0.74777,0.66316,0.032721
0.76798,0.64037,-0.011845
-0.70534,0.70887,0.0018421
-0.66196,0.7483,0.043055
0.68343,0.73,-0.0055122
0.72846,0.68456,0.026734
-0.6158,0.7878,0.01302
-0.56679,0.82208,0.054066
0.53952,0.84116,0.037001
0.59016,0.80729,-0.00069882
0.63907,0.76847,0.032222
-0.51643,0.85607,0.021047
-0.46127,0.88563,0.053853
-0.46319,0.88616,-0.013048
0.43195,0.90164,0.021358
0.48891,0.87229,0.0085696
-0.40742,0.91319,0.010174
-0.2963,0.95504,-0.010172
-0.23389,0.97218,0.012579
-0.17653,0.98412,-0.018656
0.20141,0.9795,0.0027346
0.25934,0.96487,0.042065
0.31531,0.94895,0.0087246
0.36875,0.92833,0.047243
-0.10856,0.99393,0.018003
-0.052678,0.99842,-0.019621
0.011669,0.99991,0.0063228
0.077391,0.99669,0.024879
0.14307,0.98879,0.042737
-0.31454,-0.94627,0.075029
-0.24159,-0.96686,0.082573
-0.17783,-0.97767,0.11199
-0.12254,-0.98994,0.070701
-0.055109,-0.99395,0.095059
-8.6218e-05,-0.99878,0.049284
0.066512,-0.996,0.059677
0.13316,-0.98823,0.075346
0.20126,-0.97543,0.089605
0.26547,-0.958,0.10845
0.30773,-0.94966,0.058794
-0.46919,-0.87557,0.11507
-0.41709,-0.90605,0.071451
-0.36366,-0.92607,0.10078
0.33373,-0.93446,0.12412
0.37611,-0.92369,0.073061
0.4364,-0.89696,0.070871
0.49961,-0.86369,0.066499
-0.62501,-0.77663,0.078863
-0.58158,-0.80393,0.12431
-0.52944,-0.8436,0.08961
0.55998,-0.82522,0.07373
0.61637,-0.78521,0.059411
-0.72329,-0.68561,0.082428
-0.67877,-0.73164,0.063054
-0.6463,-0.75245,0.12695
0.65148,-0.75122,0.10604
0.69731,-0.71354,0.067982
-0.76621,-0.63914,0.066472
-0.74878,-0.64897,0.13478
0.73371,-0.67175,0.10202
0.77739,-0.62592,0.062358
-0.83588,-0.54366,0.075768
-0.79463,-0.59573,0.11692
0.81144,-0.57667,0.094977
0.84956,-0.52285,0.069771
-0.89982,-0.43039,0.071275
-0.86791,-0.4854,0.10543
0.87444,-0.47202,0.11207
-0.92302,-0.37112,0.10152
0.90822,-0.40998,0.08399
0.93306,-0.34724,0.093946
-0.96209,-0.25336,0.10092
-0.94716,-0.31323,0.069133
0.95413,-0.29326,0.060321
-0.97936,-0.19169,0.064147
0.9671,-0.23844,0.088665
-0.98721,-0.12968,0.092734
0.98234,-0.17805,0.057589
0.98878,-0.11206,0.098775
-0.99568,-0.061123,0.069874
0.99613,-0.056308,0.067476
-0.99728,0.012659,0.072575
0.99603,0.0075176,0.088714
-0.99373,0.083491,0.074392
0.99164,0.078238,0.10262
-0.98569,0.14897,0.078936
0.97757,0.20094,0.063053
0.98185,0.15149,0.11415
0.96663,0.22016,0.13099
-0.97468,0.20933,0.078556
0.96048,0.26652,0.08023
-0.94709,0.31649,0.053511
-0.95892,0.26662,0.096874
-0.93666,0.32677,0.12607
0.93789,0.33137,0.10275
-0.92394,0.37484,0.076395
0.92505,0.37556,0.056915
-0.89588,0.43282,0.10037
0.86617,0.4946,0.071623
0.89524,0.43973,0.07201
-0.85047,0.52309,0.055494
-0.82193,0.56127,0.097
0.8064,0.58432,0.091048
0.83872,0.54244,0.048161
-0.7863,0.61443,0.064903
-0.74607,0.65784,0.10305
0.76942,0.63604,0.058727
-0.70558,0.70494,0.072254
-0.659,0.74357,0.11323
0.68504,0.72565,0.064421
0.72676,0.6801,0.09638
-0.61397,0.78491,0.083373
-0.5625,0.81723,0.12539
0.53841,0.83623,0.10406
0.59073,0.80391,0.069083
0.63894,0.76247,0.10195
-0.51446,0.85278,0.089986
-0.4595,0.87988,0.12112
-0.40446,0.91103,0.080266
0.42503,0.9016,0.080402
0.48304,0.87215,0.077657
-0.35023,0.93599,0.035553
-0.29057,0.95496,0.060102
-0.22783,0.97069,0.076495
-0.16621,0.98492,0.048047
0.2062,0.97555,0.076118
0.1965,0.96821,0.15476
0.15273,0.98226,0.10882
0.25522,0.95943,0.11979
0.31134,0.94674,0.082101
0.36934,0.92211,0.11535
-0.097145,0.99139,0.087763
-0.042905,0.99764,0.053615
0.018995,0.99683,0.077223
0.086278,0.99211,0.090943
-0.29188,-0.94742,0.13118
-0.22752,-0.96093,0.15762
-0.16394,-0.96955,0.18194
-0.11029,-0.98413,0.13901
-0.039034,-0.98636,0.15994
0.015063,-0.99341,0.11363
0.083397,-0.98836,0.12721
0.15135,-0.97821,0.14215
0.21785,-0.96301,0.15859
0.28546,-0.94244,0.17409
-0.4639,-0.86621,0.18568
-0.41294,-0.89955,0.14246
-0.34752,-0.92261,0.16738
-0.28128,-0.93965,0.1948
0.35144,-0.91703,0.18852
0.40173,-0.90547,0.13687
0.44957,-0.87573,0.17604
0.47266,-0.87263,0.1229
-0.55711,-0.80953,0.18519
-0.5172,-0.84184,0.15429
0.51031,-0.84048,0.18214
0.53514,-0.83517,0.12693
0.59849,-0.79127,0.12536
-0.69707,-0.70426,0.13456
-0.66321,-0.72468,0.18705
-0.61198,-0.76975,0.18157
0.63425,-0.75234,0.17809
0.68788,-0.7118,0.14199
-0.76158,-0.61961,0.18993
-0.71478,-0.67147,0.19549
0.72905,-0.66245,0.1722
0.77035,-0.62412,0.13052
-0.83251,-0.53618,0.13944
-0.79776,-0.57467,0.18254
0.80299,-0.57347,0.16229
0.83831,-0.52746,0.1379
-0.8936,-0.42733,0.13734
-0.86013,-0.47952,0.17389
0.85291,-0.48948,0.18155
-0.91399,-0.36861,0.16957
0.89112,-0.42732,0.15263
0.91826,-0.36656,0.14977
-0.94095,-0.31017,0.13566
-0.92984,-0.30909,0.19965
0.9457,-0.29504,0.1364
-0.97151,-0.19572,0.13368
-0.95341,-0.24772,0.17216
0.96109,-0.23087,0.15168
-0.97672,-0.14369,0.15927
0.96362,-0.17992,0.19766
0.97691,-0.1738,0.12428
-0.98697,-0.079318,0.14
0.97848,-0.1211,0.16709
0.98911,-0.047929,0.13915
-0.99115,-0.013536,0.13205
0.98794,0.028174,0.15223
-0.98927,0.058342,0.13393
0.98088,0.10283,0.16521
0.97466,0.058068,0.21603
0.96461,0.12861,0.23017
-0.9818,0.13042,0.13803
0.96812,0.17366,0.1805
-0.96911,0.20161,0.14203
0.94975,0.24233,0.19814
-0.94987,0.26923,0.15891
-0.92624,0.31954,0.19994
0.94636,0.28647,0.14949
-0.91276,0.37998,0.14996
0.90925,0.39834,0.12082
0.92042,0.35313,0.16769
0.88957,0.41885,0.18227
-0.85973,0.4969,0.11818
-0.88221,0.44131,0.16415
-0.84748,0.49812,0.18345
0.87527,0.46506,0.13277
-0.81903,0.55103,0.15985
0.79771,0.582,0.15791
0.83956,0.52879,0.12462
-0.78338,0.60688,0.13419
-0.74076,0.64941,0.17184
0.76414,0.63233,0.12747
0.75772,0.62191,0.19771
0.72078,0.6726,0.16757
-0.70139,0.69863,0.1413
-0.6536,0.73446,0.18269
0.68231,0.71845,0.13521
0.67269,0.71035,0.20712
0.6352,0.75284,0.17249
-0.60882,0.77854,0.15238
-0.55482,0.80826,0.19722
0.54025,0.82395,0.17099
0.5901,0.79549,0.13778
-0.5088,0.84586,0.16016
-0.45207,0.87139,0.19055
-0.40371,0.90266,0.14908
0.43057,0.89173,0.13935
0.43337,0.87832,0.20185
0.37328,0.90965,0.1822
0.48647,0.86136,0.14632
-0.34614,0.93226,0.10526
-0.28555,0.94969,0.12868
-0.22145,0.96574,0.13528
-0.15928,0.98088,0.11184
-0.16749,0.96953,0.17876
-0.10177,0.98258,0.15552
0.11368,0.98123,0.15578
0.14998,0.96652,0.20818
0.074064,0.97576,0.20594
0.21517,0.95144,0.22015
0.2638,0.9457,0.18991
0.3155,0.93658,0.15259
-0.033875,0.99076,0.13135
0.039702,0.98891,0.14313
-0.21529,-0.94864,0.23179
-0.14387,-0.95898,0.24426
-0.091455,-0.97461,0.20438
-0.019992,-0.97426,0.22452
0.031875,-0.98348,0.17821
0.099838,-0.97596,0.19372
0.16804,-0.96345,0.20866
0.23652,-0.94548,0.22389
0.30308,-0.92237,0.23952
-0.40177,-0.89227,0.20598
-0.38656,-0.88216,0.269
-0.33778,-0.91158,0.23436
-0.27618,-0.92655,0.25541
0.25432,-0.92313,0.28838
0.36235,-0.8947,0.26117
0.4056,-0.88863,0.21408
0.46998,-0.85096,0.2345
-0.57122,-0.78474,0.24063
-0.5097,-0.82868,0.23129
-0.45003,-0.85701,0.25101
0.53263,-0.81191,0.23896
0.59026,-0.77241,0.23447
0.57174,-0.80046,0.17994
-0.66666,-0.70451,0.24336
-0.62028,-0.744,0.24843
0.59457,-0.74697,0.29753
0.63905,-0.72805,0.24811
0.68262,-0.70063,0.20772
-0.74036,-0.62305,0.25233
-0.69907,-0.66415,0.26495
0.72404,-0.64676,0.2397
0.76739,-0.60918,0.20003
-0.82544,-0.52407,0.20977
-0.78113,-0.5714,0.25168
0.79903,-0.53089,0.28232
0.81217,-0.54228,0.21521
-0.88283,-0.42293,0.20432
-0.84921,-0.4673,0.24592
0.83792,-0.48475,0.25079
0.87176,-0.43948,0.21653
-0.89923,-0.367,0.2381
-0.86808,-0.41348,0.27471
0.90067,-0.34617,0.26261
0.89865,-0.38342,0.2131
-0.91373,-0.31047,0.26213
0.92649,-0.31905,0.19958
0.94512,-0.25456,0.20478
-0.95885,-0.1877,0.213
-0.93837,-0.24979,0.23889
0.94397,-0.2083,0.256
-0.97116,-0.11308,0.20989
0.95971,-0.13345,0.24727
-0.97932,-0.043954,0.1975
0.96305,-0.059281,0.26271
0.97583,-0.077793,0.20423
-0.98092,0.026459,0.19259
0.97891,-0.012637,0.20389
0.96363,0.011231,0.26699
-0.97588,0.0987,0.19474
0.95652,0.083006,0.27961
-0.96508,0.16924,0.19993
0.94875,0.19788,0.2464
-0.94849,0.23908,0.20784
-0.94348,0.20274,0.2622
-0.9256,0.27656,0.25842
0.92741,0.26542,0.26357
-0.90118,0.34264,0.26547
0.92605,0.30978,0.21555
-0.89763,0.38551,0.21365
0.86305,0.44284,0.243
0.89711,0.37633,0.23145
-0.86553,0.4452,0.22947
-0.8303,0.49975,0.24669
0.85519,0.4822,0.19007
-0.77525,0.59865,0.20152
-0.80439,0.54934,0.22625
-0.7654,0.58203,0.2746
0.78947,0.56836,0.23174
0.82424,0.53345,0.18987
-0.73334,0.63521,0.24231
0.71145,0.66195,0.23593
0.74599,0.61087,0.26521
-0.69669,0.68626,0.20897
-0.64899,0.71854,0.25004
0.62188,0.74301,0.2474
0.6632,0.69572,0.27593
-0.60163,0.76836,0.21831
-0.49988,0.83502,0.22991
-0.54679,0.79279,0.26928
-0.4378,0.86153,0.25711
0.5412,0.80684,0.2369
0.58818,0.78136,0.20864
-0.3919,0.89286,0.22185
-0.34859,0.92142,0.17169
-0.33486,0.90965,0.24577
-0.29588,0.93551,0.19306
0.38142,0.89075,0.24715
0.44312,0.85602,0.26621
0.48908,0.84567,0.21365
-0.23634,0.95239,0.1926
-0.19698,0.94989,0.24271
-0.12759,0.96556,0.22674
-0.062314,0.97667,0.2055
-0.027865,0.9642,0.2637
0.0023961,0.98023,0.19784
0.040489,0.96471,0.26018
0.11463,0.9581,0.2625
0.18654,0.94406,0.27196
0.26277,0.9268,0.26833
0.31805,0.92098,0.22504
-0.18439,-0.9371,0.29639
-0.11632,-0.9454,0.30445
-0.069366,-0.96063,0.26902
-0.0067303,-0.9561,0.29297
0.047144,-0.96853,0.2444
0.064892,-0.94951,0.30696
0.11681,-0.95897,0.25834
0.18641,-0.94395,0.27242
-0.37297,-0.86834,0.32693
-0.31814,-0.89787,0.30431
-0.24581,-0.92014,0.30483
-0.20697,-0.90981,0.35974
-0.13848,-0.924,0.35643
-0.060505,-0.93724,0.34339
0.13593,-0.9374,0.32062
0.20431,-0.91973,0.33518
0.2686,-0.89579,0.35413
0.3171,-0.89689,0.30827
0.38104,-0.86524,0.32585
0.42456,-0.86154,0.27838
-0.53975,-0.78996,0.29091
-0.49065,-0.81761,0.30129
-0.43376,-0.84429,0.31469
0.44415,-0.82905,0.33972
0.48772,-0.82285,0.29163
0.54596,-0.78286,0.29843
-0.64487,-0.69947,0.30803
-0.58926,-0.74743,0.30679
-0.53455,-0.7677,0.35341
0.56708,-0.74076,0.36013
0.63022,-0.70634,0.32234
0.67853,-0.68023,0.27728
-0.74395,-0.59039,0.31301
-0.69684,-0.64234,0.3191
0.67107,-0.65741,0.34274
0.76703,-0.58768,0.2575
0.71847,-0.62523,0.30476
-0.81226,-0.51587,0.27224
-0.74484,-0.55113,0.37611
0.75348,-0.57408,0.32045
0.78724,-0.51218,0.3434
-0.82478,-0.46827,0.31696
-0.78167,-0.53452,0.32138
0.82843,-0.46531,0.31176
0.86649,-0.41544,0.27678
-0.88474,-0.34818,0.30985
-0.85106,-0.40771,0.33085
0.87448,-0.36456,0.31999
-0.91157,-0.2728,0.30761
0.89626,-0.30462,0.32238
0.92341,-0.28069,0.26177
-0.93513,-0.2081,0.28676
-0.90652,-0.23034,0.35379
0.91819,-0.23948,0.31557
0.93565,-0.17022,0.30917
-0.9516,-0.14587,0.27052
-0.92578,-0.16588,0.33972
0.94452,-0.10323,0.3118
-0.96235,-0.075998,0.26099
-0.93984,-0.1031,0.3257
0.94616,-0.032138,0.32211
-0.96738,-0.0046582,0.25327
-0.94942,-0.038401,0.31166
0.94389,0.037687,0.32809
-0.96561,0.066972,0.25123
-0.95101,0.036838,0.30697
-0.94302,0.10025,0.31726
0.93333,0.10908,0.34205
-0.95669,0.13444,0.25819
-0.93256,0.16563,0.32078
0.94334,0.1533,0.2943
-0.91887,0.2345,0.31731
0.92411,0.22155,0.31134
-0.89817,0.30119,0.32028
0.90113,0.33075,0.28029
0.89983,0.28647,0.32899
0.87057,0.35246,0.34333
-0.86984,0.40618,0.28
-0.87033,0.36596,0.32955
-0.83546,0.42953,0.3428
0.87058,0.3951,0.29323
-0.83322,0.46679,0.2964
0.82412,0.50623,0.25408
0.83695,0.45479,0.30443
0.80145,0.50549,0.31963
-0.79315,0.53073,0.29872
-0.75033,0.56082,0.34997
0.77796,0.55432,0.29583
-0.68709,0.67202,0.27621
-0.72454,0.6151,0.31096
-0.67617,0.65678,0.33381
0.69999,0.64595,0.30457
0.73602,0.59074,0.33061
-0.60018,0.75027,0.27727
-0.63156,0.7056,0.32133
-0.57227,0.75098,0.32944
0.61173,0.72583,0.31458
0.64873,0.67872,0.34422
-0.51616,0.78586,0.34059
-0.48816,0.82157,0.2945
0.50061,0.81903,0.28033
0.5146,0.78934,0.33487
0.45446,0.82746,0.32982
0.56658,0.77263,0.2864
-0.43121,0.84432,0.31809
-0.37394,0.87878,0.2965
-0.26707,0.92977,0.25339
-0.30376,0.90229,0.30596
-0.22984,0.92474,0.30337
0.32949,0.89846,0.2902
0.34744,0.8678,0.35526
0.28409,0.89801,0.33595
0.39376,0.86529,0.31021
-0.15971,0.94281,0.29258
-0.092355,0.95626,0.27755
-0.057995,0.94169,0.33145
0.0081081,0.94729,0.32028
0.077967,0.94514,0.31722
0.14847,0.93494,0.32225
0.22075,0.91917,0.32619
0.012571,-0.93563,0.35276
-0.33752,-0.86379,0.37411
-0.2769,-0.89055,0.36089
-0.23654,-0.87811,0.4159
-0.16667,-0.89519,0.41334
-0.096176,-0.90946,0.40452
-0.029793,-0.9142,0.40418
0.0397,-0.91091,0.41069
0.086352,-0.92612,0.3672
0.15533,-0.91067,0.38282
0.21769,-0.8906,0.39929
0.28548,-0.86412,0.41449
0.33428,-0.86635,0.37107
-0.47178,-0.80308,0.36399
-0.40724,-0.8325,0.37563
-0.36618,-0.82615,0.42823
-0.30017,-0.85415,0.42465
0.34973,-0.83139,0.43182
0.3976,-0.83174,0.38746
0.45682,-0.79448,0.40014
0.50615,-0.78833,0.34978
-0.59748,-0.71617,0.36072
-0.55212,-0.72752,0.40728
-0.49303,-0.76477,0.41479
0.51608,-0.75512,0.4043
0.61322,-0.69041,0.38378
0.56968,-0.70295,0.42583
-0.65319,-0.66327,0.36527
-0.66216,-0.62034,0.42039
-0.61021,-0.67553,0.41388
0.60658,-0.65091,0.45649
0.64984,-0.6437,0.40417
0.70275,-0.60445,0.3752
-0.74571,-0.50821,0.43086
-0.704,-0.60474,0.3724
0.71162,-0.55445,0.4315
0.74343,-0.55276,0.37652
-0.81778,-0.43115,0.38124
-0.78642,-0.4913,0.37438
0.76102,-0.50134,0.41173
0.84294,-0.40947,0.34898
0.80373,-0.45832,0.37941
-0.85294,-0.36311,0.37502
-0.8164,-0.38437,0.43099
0.81941,-0.39982,0.41074
0.85897,-0.34131,0.38168
-0.88198,-0.30164,0.36212
-0.84645,-0.32072,0.42503
0.88464,-0.275,0.37654
-0.89593,-0.18613,0.40332
-0.87495,-0.25589,0.41107
0.87272,-0.23482,0.42804
0.90601,-0.20677,0.3693
-0.91214,-0.1193,0.39214
0.91881,-0.13945,0.36926
0.88861,-0.17013,0.42595
-0.92325,-0.058373,0.37975
0.8958,-0.10711,0.43137
0.92424,-0.073313,0.3747
-0.93466,0.0027161,0.35553
-0.91073,0.0044489,0.41298
0.92432,-0.0047581,0.38159
-0.92452,0.064024,0.37573
0.91984,0.063851,0.38706
-0.91594,0.12599,0.38103
0.91683,0.17724,0.35778
0.90472,0.13408,0.40435
0.88472,0.19183,0.42482
-0.90551,0.19225,0.37828
0.89432,0.24042,0.37736
0.86096,0.26052,0.43689
-0.86624,0.32378,0.38053
-0.89023,0.25756,0.37569
-0.83011,0.34524,0.43787
0.86793,0.3074,0.39012
-0.83504,0.38818,0.38991
0.83693,0.41478,0.35707
0.8349,0.37245,0.40526
0.79755,0.43041,0.42267
-0.79457,0.49569,0.35065
-0.79831,0.45145,0.39863
-0.75615,0.51525,0.40342
0.80008,0.47036,0.37235
-0.69826,0.6096,0.37527
-0.71019,0.56694,0.41738
-0.65524,0.61955,0.43223
0.71877,0.57485,0.39104
0.76166,0.53172,0.37034
0.71876,0.53776,0.44068
-0.6424,0.663,0.38438
0.68517,0.62808,0.36886
0.63654,0.65183,0.41224
0.59906,0.70084,0.38722
-0.59289,0.70877,0.38227
-0.53904,0.74736,0.38844
-0.54254,0.71414,0.44233
-0.48832,0.76626,0.41761
0.56391,0.74557,0.35514
0.54772,0.7182,0.42919
0.51496,0.76011,0.3963
-0.46112,0.80786,0.36706
-0.41938,0.80634,0.41706
-0.39204,0.8447,0.3644
0.40738,0.83336,0.37357
0.42046,0.79438,0.43838
0.3662,0.83008,0.42055
0.46404,0.79429,0.39214
-0.33232,0.87222,0.35888
-0.26088,0.89629,0.35862
-0.1909,0.9153,0.35466
-0.21817,0.8839,0.41366
-0.1237,0.93073,0.34416
-0.15284,0.90026,0.40764
-0.087674,0.91394,0.39626
0.17835,0.90741,0.38053
0.1982,0.87542,0.44085
0.13519,0.88938,0.43672
0.24305,0.88798,0.39041
0.26276,0.85156,0.45365
0.30459,0.86411,0.40067
-0.020703,0.92311,0.38398
0.044015,0.92586,0.3753
0.11169,0.92015,0.3753
-0.19543,-0.86183,0.46803
-0.12712,-0.87645,0.46441
-0.062425,-0.88447,0.4624
0.001954,-0.88617,0.46335
0.067809,-0.88165,0.46702
0.11082,-0.89673,0.42847
0.11986,-0.85772,0.49995
0.16836,-0.87691,0.4502
0.23499,-0.85845,0.45589
-0.43102,-0.79544,0.42603
-0.38641,-0.7852,0.48388
-0.32606,-0.81375,0.48114
-0.2617,-0.84001,0.47529
-0.21971,-0.82381,0.52255
-0.15379,-0.84012,0.52015
0.18843,-0.84087,0.50738
0.24921,-0.82312,0.51027
0.30172,-0.82783,0.47293
0.35827,-0.79123,0.49558
0.40633,-0.79474,0.45086
-0.56477,-0.6859,0.45889
-0.50789,-0.72424,0.4664
-0.44882,-0.756,0.47646
-0.40356,-0.7424,0.53477
0.41457,-0.75069,0.5144
0.46069,-0.7591,0.45992
0.51787,-0.72364,0.45625
-0.61959,-0.63113,0.46666
-0.60823,-0.59025,0.53072
-0.57489,-0.64217,0.50707
0.54605,-0.67718,0.49322
0.63028,-0.59423,0.49964
0.66554,-0.6,0.44391
-0.70329,-0.5638,0.43302
-0.65948,-0.52956,0.53352
-0.65845,-0.57723,0.48296
0.68073,-0.54439,0.49015
0.72938,-0.49693,0.47018
-0.78054,-0.44894,0.43498
-0.73842,-0.46503,0.48834
-0.70251,-0.5177,0.48833
0.69651,-0.48399,0.52975
0.77705,-0.44505,0.44511
-0.77743,-0.40067,0.48484
-0.73578,-0.41861,0.53235
0.74316,-0.4386,0.50531
0.82603,-0.34769,0.4436
0.78738,-0.38787,0.47915
-0.83874,-0.27533,0.4698
-0.80629,-0.33876,0.48491
0.84934,-0.29315,0.43896
0.80387,-0.32091,0.50081
-0.86348,-0.20847,0.45928
-0.8246,-0.23109,0.51636
0.83077,-0.25804,0.4932
0.85338,-0.20211,0.48052
-0.88301,-0.13502,0.44952
-0.84949,-0.16172,0.5022
0.86183,-0.14122,0.48714
-0.894,-0.063179,0.44359
-0.86108,-0.09283,0.49993
0.86864,-0.074917,0.48974
0.89923,-0.042055,0.43545
-0.88654,0.0083539,0.46257
0.89769,0.024439,0.43995
0.87032,-0.0060523,0.49246
-0.89533,0.076398,0.43879
0.89157,0.09103,0.44364
0.86722,0.065077,0.49366
-0.88715,0.14687,0.43749
-0.85165,0.17893,0.49262
-0.80998,0.21897,0.54405
0.86772,0.14176,0.4764
-0.87449,0.21415,0.43521
-0.83693,0.24232,0.49075
0.85181,0.2103,0.47979
-0.85795,0.2789,0.43144
0.83192,0.32652,0.44865
0.82337,0.27919,0.49408
0.79285,0.33606,0.50838
-0.79661,0.40477,0.44896
-0.7901,0.35517,0.4996
-0.75711,0.41474,0.50475
0.79447,0.38675,0.46823
-0.75996,0.46621,0.45289
0.75904,0.49029,0.42834
0.75311,0.4489,0.48094
0.71203,0.49858,0.4944
-0.71604,0.52127,0.46429
-0.66534,0.57494,0.4762
0.67352,0.59827,0.43409
0.67032,0.5596,0.48735
0.6242,0.61939,0.47615
-0.59999,0.66935,0.43815
-0.60872,0.62432,0.48958
-0.55658,0.66999,0.49126
0.58519,0.67064,0.45585
0.56795,0.63962,0.518
0.527,0.69336,0.49145
-0.49201,0.72255,0.48564
-0.44441,0.76682,0.46313
-0.45738,0.69857,0.55027
-0.42328,0.74426,0.51663
0.48462,0.74748,0.45433
0.472,0.71232,0.51944
0.43088,0.75869,0.4886
-0.35497,0.83503,0.42039
-0.37946,0.79351,0.47576
-0.28766,0.86468,0.41181
-0.30821,0.82998,0.46491
-0.24061,0.85073,0.4673
0.32213,0.82687,0.46101
0.33725,0.76521,0.54838
0.29137,0.80831,0.5116
0.36739,0.78989,0.49102
-0.17332,0.86515,0.47061
-0.11363,0.88103,0.4592
-0.046108,0.89485,0.44399
-0.065447,0.86438,0.49855
0.01786,0.8983,0.43902
0.0033827,0.86879,0.49516
0.076689,0.89913,0.43091
0.073874,0.8692,0.48892
0.1445,0.85854,0.49197
0.21589,0.84138,0.49546
-0.08804,-0.84997,0.51943
-0.022232,-0.85469,0.51866
0.045548,-0.85428,0.51781
-0.28653,-0.7974,0.53108
-0.24574,-0.78225,0.57245
-0.18061,-0.79908,0.57345
-0.11593,-0.81111,0.57329
-0.050091,-0.81828,0.57263
0.017069,-0.82137,0.57014
0.087712,-0.82466,0.55878
0.15434,-0.81914,0.55243
0.17922,-0.78153,0.59757
0.2291,-0.79501,0.56167
0.30041,-0.78972,0.53488
-0.46371,-0.71269,0.52635
-0.4231,-0.69435,0.58212
-0.34126,-0.76847,0.5413
-0.29409,-0.74686,0.59641
0.28549,-0.75596,0.58909
0.35352,-0.75298,0.55502
0.44817,-0.70213,0.55332
0.39561,-0.71112,0.5812
0.48314,-0.71299,0.50816
-0.54402,-0.62589,0.55884
-0.50361,-0.60869,0.61308
-0.52051,-0.68001,0.51639
0.45053,-0.65956,0.60166
0.5074,-0.66033,0.55363
0.57583,-0.63092,0.51995
0.5429,-0.61266,0.57437
-0.61316,-0.5433,0.57346
-0.58317,-0.51661,0.62692
-0.56241,-0.57629,0.59294
0.59818,-0.57468,0.5585
0.64759,-0.5334,0.54417
0.60923,-0.51781,0.60059
-0.69194,-0.46783,0.54987
-0.66037,-0.43102,0.61492
-0.64146,-0.48723,0.59257
0.659,-0.47373,0.58421
0.7098,-0.42118,0.56462
-0.76096,-0.35641,0.54213
-0.70771,-0.39916,0.58293
0.71968,-0.35577,0.59622
0.75571,-0.37692,0.53558
-0.79797,-0.28972,0.5285
-0.76028,-0.29927,0.57655
0.76767,-0.31978,0.55536
0.79569,-0.25942,0.54733
-0.81202,-0.18475,0.55361
-0.77943,-0.23516,0.58068
0.77937,-0.21468,0.58864
0.82225,-0.1898,0.53655
-0.8241,-0.1203,0.55352
0.83363,-0.11528,0.54015
0.79668,-0.14529,0.58668
-0.8626,-0.027934,0.50512
-0.82893,-0.055544,0.55659
0.83905,-0.042016,0.54244
0.80451,-0.072695,0.58947
-0.8629,0.048932,0.503
-0.83219,0.01335,0.55433
0.83906,0.030753,0.54317
0.80683,0.00018956,0.59078
-0.86209,0.1131,0.49398
-0.82929,0.083505,0.55254
0.83842,0.10475,0.53487
0.80609,0.073645,0.5872
-0.82342,0.15034,0.54715
0.8301,0.16891,0.53141
0.79858,0.14245,0.58479
-0.7913,0.2892,0.53872
-0.76751,0.24679,0.59162
-0.74805,0.30931,0.58716
0.81429,0.23295,0.53166
0.78642,0.20998,0.5809
-0.82133,0.30132,0.48438
-0.75292,0.35763,0.55246
0.77917,0.28276,0.55941
-0.68287,0.46998,0.55929
-0.71791,0.4109,0.56192
-0.64189,0.47124,0.60491
0.75132,0.40298,0.52262
0.75552,0.34651,0.55599
0.71344,0.3914,0.58121
-0.72095,0.46943,0.50977
-0.67368,0.52613,0.51898
0.66182,0.52016,0.53983
0.70369,0.45392,0.54661
0.64989,0.48137,0.58815
-0.61843,0.57857,0.5318
-0.6316,0.52604,0.56953
-0.5772,0.56564,0.58898
0.61811,0.58214,0.52826
0.60536,0.54465,0.58042
0.56311,0.59757,0.5708
-0.51347,0.67409,0.53099
-0.55906,0.62098,0.5494
-0.49441,0.6431,0.58478
0.50946,0.65733,0.55531
0.51618,0.60571,0.60553
0.46505,0.63768,0.61408
-0.39594,0.71299,0.57868
-0.36321,0.75785,0.54199
-0.32937,0.73012,0.5987
-0.32381,0.79564,0.51197
0.40247,0.73972,0.53929
0.44304,0.68957,0.5729
0.37359,0.71512,0.59079
-0.25793,0.8149,0.51904
-0.19101,0.83042,0.52338
-0.22256,0.78914,0.57247
-0.12144,0.8418,0.52596
-0.15383,0.80227,0.5768
-0.04261,0.83666,0.54607
-0.085966,0.80749,0.58358
0.029947,0.83804,0.54479
-0.010633,0.80439,0.594
0.097463,0.83406,0.543
0.060118,0.80118,0.5954
0.16491,0.82293,0.54368
0.12825,0.79399,0.59425
0.23327,0.80776,0.54139
0.19785,0.78265,0.59018
0.2729,0.77208,0.57395
-0.21851,-0.75389,0.6196
-0.14938,-0.76741,0.62351
-0.081976,-0.77721,0.62388
-0.014735,-0.78266,0.62227
0.052449,-0.78661,0.61522
0.11585,-0.78582,0.60751
-0.35964,-0.72272,0.5902
-0.31828,-0.69704,0.64252
-0.25411,-0.71326,0.65321
-0.18162,-0.72232,0.66728
-0.11182,-0.73288,0.6711
-0.043008,-0.74031,0.67089
0.025802,-0.7447,0.6669
0.092728,-0.74558,0.65994
0.1595,-0.74398,0.64889
0.22793,-0.74852,0.62271
0.27351,-0.71034,0.64854
0.33357,-0.71524,0.61414
-0.48425,-0.66195,0.57212
-0.44398,-0.64167,0.62541
-0.38222,-0.6716,0.63472
-0.27797,-0.66348,0.69465
0.3215,-0.66946,0.66968
0.38405,-0.67074,0.63452
0.42793,-0.62394,0.65389
0.49519,-0.61063,0.618
-0.52596,-0.55106,0.64784
-0.48686,-0.52354,0.69919
-0.46669,-0.5842,0.66401
0.46508,-0.57623,0.67206
0.55572,-0.56065,0.61388
0.51477,-0.5484,0.65899
-0.60563,-0.45875,0.65021
-0.56489,-0.42991,0.70433
-0.5468,-0.4909,0.67825
0.56941,-0.49926,0.65308
0.66932,-0.41558,0.61587
0.6167,-0.45712,0.64088
-0.71979,-0.33911,0.60573
-0.67117,-0.37034,0.64217
-0.61967,-0.39992,0.67533
0.67363,-0.36214,0.64427
0.62131,-0.4016,0.67282
-0.73141,-0.26858,0.62682
-0.68529,-0.30562,0.66104
0.63932,-0.33588,0.69171
0.74611,-0.28484,0.60182
0.69754,-0.30343,0.64912
-0.7819,-0.16145,0.60214
-0.74377,-0.20311,0.63683
-0.6959,-0.23739,0.67777
0.73561,-0.23338,0.63594
0.69179,-0.24812,0.67813
-0.79028,-0.092902,0.60566
-0.74822,-0.13067,0.65046
0.75427,-0.16673,0.63505
0.70748,-0.18399,0.68236
-0.79514,-0.023282,0.60597
-0.75459,-0.060712,0.65338
0.72186,-0.12093,0.68139
0.76602,-0.098882,0.63517
-0.7957,0.045675,0.60397
-0.7573,0.0093093,0.653
0.77071,-0.02812,0.63657
-0.79064,0.1144,0.60149
-0.75495,0.078729,0.65104
0.77086,0.043556,0.63551
-0.78173,0.18096,0.59679
-0.74737,0.14792,0.64774
0.7549,0.18168,0.63017
0.76465,0.11264,0.63452
0.7194,0.15125,0.67793
-0.73535,0.21607,0.64232
0.7464,0.25342,0.61536
0.71124,0.2215,0.66714
-0.70463,0.35454,0.61465
-0.71772,0.28347,0.63602
-0.67069,0.31744,0.67038
0.72956,0.31916,0.60489
0.69754,0.28902,0.65568
-0.67469,0.41415,0.61097
0.66802,0.42396,0.61156
0.68334,0.3581,0.63625
0.63255,0.39011,0.6691
-0.59231,0.50709,0.62613
-0.61761,0.43922,0.65241
-0.56432,0.4714,0.67773
0.59615,0.50445,0.62461
0.61498,0.44912,0.64815
0.55548,0.48726,0.67381
-0.52226,0.5923,0.61353
-0.54048,0.53566,0.6488
-0.48495,0.55837,0.67309
0.54615,0.54868,0.63298
0.50064,0.51728,0.69411
0.48658,0.57439,0.65827
-0.43194,0.66466,0.60963
-0.46073,0.61241,0.6424
-0.3648,0.68244,0.63341
-0.39716,0.63235,0.66514
-0.32988,0.6496,0.68498
0.40556,0.66547,0.62663
0.43178,0.60661,0.66753
0.37152,0.63654,0.67586
-0.29148,0.7723,0.56443
-0.29577,0.6991,0.65098
-0.25812,0.74469,0.61547
-0.22475,0.71247,0.66473
-0.18839,0.75872,0.62359
-0.15493,0.72288,0.67338
-0.11976,0.76726,0.63006
0.16365,0.75133,0.63932
0.20016,0.70771,0.67756
0.13015,0.7148,0.68711
0.23573,0.74358,0.62571
0.2682,0.70092,0.66089
0.30786,0.73156,0.60831
0.33839,0.68565,0.6445
-0.05003,0.77007,0.63599
0.022643,0.76619,0.64221
0.093878,0.75967,0.64349
-0.21239,-0.67708,0.7046
-0.14165,-0.68647,0.71323
-0.071343,-0.69495,0.71551
-0.0014353,-0.70062,0.71353
0.068503,-0.70249,0.70839
0.1371,-0.70268,0.69817
0.20676,-0.70615,0.6772
-0.4053,-0.61593,0.67555
-0.34237,-0.64351,0.6846
-0.2369,-0.62508,0.74374
-0.17085,-0.63796,0.75088
-0.10032,-0.64711,0.75577
-0.029933,-0.65357,0.75628
0.041063,-0.65796,0.75193
0.11312,-0.65779,0.74466
0.18365,-0.66132,0.72727
0.23132,-0.62078,0.74908
0.3013,-0.62415,0.72087
0.25403,-0.66635,0.70103
0.36737,-0.62457,0.68917
-0.4281,-0.55712,0.71158
-0.38775,-0.52744,0.75595
-0.36521,-0.58647,0.72296
-0.30154,-0.61013,0.73267
0.28608,-0.57537,0.76623
0.34984,-0.57681,0.73818
0.41133,-0.57407,0.70799
0.46332,-0.5222,0.71599
-0.50721,-0.46291,0.72695
-0.46455,-0.43617,0.77068
-0.44379,-0.49424,0.74751
0.39777,-0.52517,0.75231
0.44093,-0.47553,0.76122
0.52134,-0.49491,0.69518
0.56602,-0.43866,0.698
-0.63364,-0.33821,0.69578
-0.57654,-0.36706,0.72997
-0.52237,-0.39814,0.75406
0.50139,-0.45532,0.73573
0.53059,-0.39595,0.74946
0.5846,-0.37077,0.72164
-0.64675,-0.27242,0.71239
-0.59344,-0.30665,0.74418
0.54317,-0.33139,0.77145
0.64802,-0.2775,0.70927
0.59596,-0.30538,0.74268
-0.70608,-0.16932,0.68759
-0.65768,-0.20324,0.72537
-0.60753,-0.23626,0.75835
0.65702,-0.20887,0.72436
0.60831,-0.23781,0.75724
-0.71046,-0.098453,0.69682
-0.66434,-0.13585,0.73498
0.67064,-0.14372,0.72773
0.61878,-0.16778,0.76744
-0.71547,-0.028038,0.69808
-0.66993,-0.064362,0.73963
0.62999,-0.10169,0.76991
0.73021,-0.053927,0.68109
0.68433,-0.081076,0.72465
-0.71544,0.041834,0.69742
-0.67211,0.0045942,0.74043
0.73201,0.015351,0.68113
0.68955,-0.013334,0.72411
-0.71051,0.11153,0.69479
-0.67001,0.074232,0.73864
0.72694,0.082637,0.68171
0.68488,0.051467,0.72684
-0.7005,0.18085,0.69036
-0.66265,0.14424,0.7349
0.67259,0.18814,0.7157
0.67991,0.11879,0.72361
0.63141,0.15179,0.76045
-0.68571,0.24872,0.68406
-0.64967,0.2129,0.72979
0.66176,0.25595,0.70467
0.62178,0.22144,0.75123
-0.61439,0.343,0.71055
-0.63427,0.27996,0.72064
-0.57682,0.30591,0.75743
0.64842,0.32461,0.6886
0.61101,0.29043,0.73642
-0.64845,0.37809,0.66073
-0.58943,0.40482,0.69906
-0.5551,0.36884,0.74553
-0.49641,0.39423,0.77341
0.57438,0.42533,0.69941
0.59504,0.35933,0.71889
0.53878,0.39092,0.74626
-0.53263,0.43375,0.72675
-0.50869,0.49786,0.70241
-0.47429,0.45806,0.75181
-0.45012,0.51992,0.726
0.51426,0.45852,0.72477
0.48187,0.42176,0.76807
0.44902,0.48423,0.75093
-0.42422,0.57794,0.69715
-0.36076,0.59675,0.71675
-0.38845,0.53921,0.74723
-0.32487,0.55739,0.76406
0.44498,0.54407,0.71132
0.39052,0.52417,0.7568
0.39018,0.57876,0.7161
-0.26083,0.6645,0.7003
-0.29401,0.61287,0.73345
-0.22531,0.62577,0.74676
-0.25812,0.57236,0.77832
-0.19053,0.67559,0.71223
-0.1554,0.63469,0.75698
-0.12037,0.68321,0.72024
0.16761,0.66671,0.72622
0.20494,0.61236,0.76356
0.12893,0.63187,0.76428
0.23374,0.65981,0.71416
0.2704,0.61101,0.74401
0.29962,0.65595,0.69279
0.33187,0.6097,0.71981
-0.085119,0.72867,0.67956
-0.050196,0.68643,0.72546
-0.01451,0.72881,0.68456
0.021147,0.6842,0.72899
0.057538,0.72383,0.68758
0.093211,0.67864,0.72853
-0.19616,-0.58295,0.78848
-0.13012,-0.59662,0.79191
-0.060164,-0.60353,0.79507
0.011382,-0.60982,0.79246
0.082464,-0.61286,0.78588
0.15871,-0.61314,0.77387
0.22433,-0.57062,0.78998
-0.34492,-0.49787,0.79571
-0.32238,-0.55344,0.76797
-0.26126,-0.56965,0.77926
-0.15669,-0.53826,0.82808
-0.095383,-0.55031,0.8295
-0.023652,-0.55779,0.82965
0.04088,-0.55974,0.82766
0.10737,-0.56654,0.81701
0.16722,-0.56069,0.81097
0.20926,-0.51258,0.83275
0.27195,-0.51925,0.8102
0.33301,-0.52598,0.78259
-0.42401,-0.40634,0.80938
-0.39529,-0.46175,0.79406
-0.32116,-0.45188,0.83226
-0.28228,-0.50764,0.81402
-0.22486,-0.52527,0.82069
0.25015,-0.46204,0.85085
0.31648,-0.46653,0.82595
0.41097,-0.42964,0.80406
0.37356,-0.47496,0.79678
-0.53012,-0.33008,0.78104
-0.4775,-0.36908,0.79736
-0.41393,-0.3519,0.83954
-0.36467,-0.40684,0.83755
0.35757,-0.40772,0.84018
0.47045,-0.41275,0.77994
0.42428,-0.37295,0.82516
-0.55801,-0.2703,0.78458
-0.50821,-0.26354,0.81992
-0.4671,-0.31223,0.82724
0.48691,-0.35346,0.79874
0.44333,-0.3111,0.84064
0.55688,-0.26263,0.78798
-0.61267,-0.17092,0.77164
-0.55677,-0.20582,0.80477
-0.49016,-0.20542,0.84708
0.50226,-0.28814,0.8153
0.5164,-0.21939,0.82777
0.56947,-0.19106,0.7995
-0.62274,-0.099519,0.77607
-0.57325,-0.13152,0.80876
-0.52451,-0.15685,0.83683
0.58081,-0.11589,0.80575
0.52956,-0.14706,0.83543
-0.62379,-0.030675,0.78099
-0.5736,-0.063864,0.81664
0.59263,-0.039693,0.8045
0.54063,-0.072747,0.83811
0.64336,-0.042994,0.76436
-0.62536,0.03657,0.77948
-0.57323,0.0029405,0.81939
0.5906,0.036342,0.80615
0.54424,-0.0007442,0.83893
0.63846,0.016767,0.76947
-0.62172,0.10664,0.77595
-0.57694,0.068742,0.81389
0.58725,0.10993,0.8019
0.54079,0.072107,0.83806
0.63607,0.082977,0.76716
-0.61087,0.17608,0.77191
-0.56987,0.13845,0.80999
0.58114,0.18137,0.79334
0.53532,0.14278,0.83249
-0.59483,0.24198,0.76657
-0.53594,0.26677,0.801
-0.55293,0.20241,0.80827
-0.4933,0.22411,0.84049
0.56952,0.25356,0.78189
0.52941,0.21304,0.82118
-0.51672,0.32993,0.79003
-0.47458,0.28791,0.83179
0.50377,0.3501,0.78971
0.5136,0.28477,0.80939
0.45333,0.31286,0.83463
0.55819,0.32176,0.76479
-0.43672,0.41578,0.79775
-0.45659,0.35178,0.81718
-0.39605,0.37042,0.8402
0.42022,0.43197,0.79801
0.40059,0.36502,0.84041
0.36055,0.41454,0.83556
0.45198,0.37635,0.80875
-0.41408,0.47872,0.77419
-0.37602,0.43455,0.8184
-0.35203,0.49709,0.79308
-0.31404,0.45211,0.83485
-0.25238,0.47041,0.84559
0.32221,0.51409,0.79492
0.31305,0.45845,0.83176
0.25997,0.50449,0.82335
0.37792,0.47473,0.79487
-0.28876,0.51512,0.80701
-0.18949,0.58325,0.78988
-0.22173,0.52862,0.81939
-0.1203,0.58962,0.79867
-0.15346,0.53668,0.82971
-0.051383,0.5918,0.80444
-0.0857,0.53993,0.83734
0.017545,0.59304,0.80499
-0.016123,0.54121,0.84073
0.089831,0.58608,0.80526
0.053378,0.54415,0.83729
0.15531,0.58337,0.79722
0.13374,0.53252,0.83579
0.26333,0.56215,0.78399
0.20486,0.54901,0.81032
0.32994,0.56214,0.75838
-0.085409,0.63958,0.76397
-0.015455,0.64094,0.76744
0.056935,0.63673,0.76899
-0.12351,-0.48355,0.86656
-0.060713,-0.50826,0.85906
0.0053239,-0.50095,0.86546
0.076794,-0.51252,0.85524
0.14119,-0.50934,0.84891
-0.25152,-0.45487,0.8543
-0.18186,-0.43229,0.88321
-0.1904,-0.4845,0.85382
-0.05579,-0.45512,0.88868
0.056624,-0.45997,0.88613
0.12006,-0.45323,0.88327
0.18377,-0.45793,0.86979
0.21758,-0.40584,0.88767
0.29058,-0.41352,0.86288
-0.34792,-0.34857,0.87032
-0.29769,-0.39854,0.86749
-0.23554,-0.39088,0.88979
-0.16997,-0.37146,0.91276
-0.11674,-0.42024,0.89987
-0.053585,-0.39352,0.91775
0.005775,-0.43265,0.90154
0.080458,-0.4016,0.91227
0.15386,-0.39668,0.90497
0.19867,-0.3358,0.92074
0.25703,-0.36266,0.89577
0.32046,-0.35505,0.8782
0.37986,-0.33901,0.86068
-0.44474,-0.255,0.85859
-0.39756,-0.29807,0.86781
-0.33288,-0.28523,0.8988
-0.28424,-0.33541,0.89817
-0.22223,-0.32538,0.9191
0.26818,-0.30622,0.91341
0.28562,-0.24395,0.92678
0.33322,-0.2921,0.89646
0.39659,-0.27273,0.87655
-0.4315,-0.19084,0.8817
-0.381,-0.23662,0.89378
-0.3161,-0.21862,0.92319
0.3507,-0.22743,0.90845
0.41375,-0.20517,0.88697
0.45866,-0.2457,0.85397
0.47418,-0.17695,0.86246
-0.52088,-0.091085,0.84876
-0.47222,-0.13287,0.87141
-0.4175,-0.12559,0.89995
-0.36801,-0.17301,0.91358
0.42938,-0.13643,0.89276
0.36726,-0.16164,0.91597
0.48626,-0.10502,0.86748
-0.51947,-0.026753,0.85407
-0.46433,-0.059801,0.88364
-0.40549,-0.067227,0.91162
0.38162,-0.094979,0.91943
0.43722,-0.065076,0.897
0.49221,-0.033737,0.86982
-0.52093,0.040448,0.85264
-0.4697,0.016484,0.88267
-0.41395,-0.0057412,0.91028
0.49144,0.036842,0.87013
0.4389,0.0042169,0.89853
-0.52598,0.10101,0.84448
-0.47057,0.095925,0.87713
-0.42043,0.060519,0.90531
0.48552,0.10547,0.86784
0.4318,0.070223,0.89923
-0.50871,0.15947,0.84604
-0.45321,0.17109,0.87483
-0.41131,0.12961,0.90223
0.42208,0.19911,0.88442
0.42766,0.13669,0.89355
0.36256,0.16971,0.91638
0.48078,0.17413,0.85938
-0.43293,0.23953,0.86902
-0.36925,0.26083,0.89198
-0.38903,0.19447,0.90046
-0.32413,0.21333,0.92165
0.42232,0.26249,0.86761
0.3668,0.2374,0.8995
0.47556,0.24116,0.84598
-0.41306,0.30618,0.85769
-0.3486,0.32603,0.87874
-0.28159,0.34402,0.89574
-0.30384,0.27955,0.91079
-0.23747,0.29677,0.92495
0.33756,0.35275,0.87271
0.32389,0.2834,0.90265
0.27919,0.33038,0.90161
0.38329,0.30728,0.87102
-0.33457,0.38833,0.85864
-0.27376,0.40378,0.87294
-0.21796,0.42205,0.87998
-0.21191,0.36208,0.90774
-0.15999,0.42298,0.8919
-0.14009,0.36742,0.91944
-0.097831,0.42874,0.89811
0.19026,0.42434,0.88529
0.1759,0.35533,0.91804
0.13041,0.40107,0.90672
0.2477,0.44603,0.86006
0.23594,0.37805,0.89522
0.29527,0.39938,0.86794
-0.18578,0.48088,0.85688
-0.12092,0.48399,0.86668
-0.053592,0.48792,0.87124
-0.035204,0.43268,0.90086
0.015785,0.48814,0.87262
0.024912,0.43098,0.90202
0.08263,0.49886,0.86273
0.082227,0.44384,0.89232
0.14265,0.46784,0.87223
0.19571,0.49285,0.84782
-0.10612,-0.35285,0.92964
-0.039416,-0.32953,0.94332
0.012639,-0.37329,0.92763
0.069561,-0.34354,0.93656
0.13177,-0.34179,0.93049
-0.26972,-0.26775,0.92497
-0.20831,-0.26014,0.94283
-0.15666,-0.30643,0.93891
-0.088218,-0.28634,0.95406
0.021055,-0.30236,0.95296
0.089914,-0.28302,0.95489
0.15589,-0.27875,0.94763
0.2189,-0.26581,0.93884
-0.25142,-0.19578,0.94787
-0.18545,-0.20342,0.96137
-0.13581,-0.2436,0.96032
-0.026421,-0.25804,0.96577
0.039959,-0.23593,0.97095
0.10923,-0.22101,0.96914
0.17389,-0.21102,0.96189
0.23753,-0.19683,0.95123
0.30267,-0.18,0.93594
-0.35306,-0.108,0.92935
-0.30369,-0.15103,0.94072
-0.25075,-0.11698,0.96096
-0.19508,-0.14499,0.97001
-0.12358,-0.17324,0.9771
-0.073113,-0.2131,0.97429
-0.0089663,-0.18773,0.98218
0.060157,-0.17008,0.98359
0.12752,-0.15467,0.9797
0.19203,-0.14199,0.97106
0.25537,-0.12823,0.9583
0.31848,-0.11551,0.94086
-0.3511,-0.035874,0.93565
-0.29914,-0.07296,0.95141
-0.24756,-0.037402,0.96815
-0.19429,-0.075445,0.97804
0.14785,-0.085739,0.98529
0.21212,-0.071806,0.9746
0.27367,-0.058881,0.96002
0.33261,-0.050602,0.94171
0.38349,-0.023488,0.92325
-0.35716,0.030528,0.93354
-0.2987,0.0063518,0.95432
-0.24416,0.039188,0.96894
-0.19,-0.0023557,0.98178
0.24357,-0.00069071,0.96988
0.17606,-0.01504,0.98427
0.31206,0.0091873,0.95002
0.37604,0.037974,0.92583
-0.36243,0.09062,0.92759
-0.30019,0.082797,0.95028
-0.23602,0.10803,0.96572
-0.17896,0.065193,0.98169
0.22911,0.12183,0.96575
0.19929,0.053709,0.97847
0.15739,0.10656,0.98177
0.26459,0.066959,0.96203
0.32235,0.076326,0.94354
0.37223,0.10837,0.92179
-0.34236,0.148,0.92784
-0.28144,0.15674,0.94669
-0.21723,0.17807,0.95974
-0.14952,0.19536,0.96927
-0.16978,0.12965,0.97692
-0.10212,0.14671,0.98389
0.13346,0.2213,0.96603
0.10871,0.1566,0.98166
0.062187,0.20706,0.97635
0.18018,0.1714,0.96859
0.24874,0.1874,0.95027
0.29988,0.13816,0.94392
-0.26069,0.22835,0.93803
-0.19446,0.24559,0.94967
-0.1235,0.25471,0.9591
-0.052618,0.25747,0.96485
-0.07538,0.19955,0.97698
0.016101,0.2585,0.96588
-0.0092501,0.19484,0.98079
0.087343,0.27082,0.95866
0.20223,0.23767,0.95006
0.26501,0.25889,0.92884
0.30945,0.20985,0.92747
-0.16926,0.3085,0.93605
-0.098168,0.31369,0.94444
-0.028285,0.31572,0.94843
0.04143,0.3199,0.94654
0.11188,0.33436,0.93578
0.15656,0.28674,0.94513
0.21991,0.30745,0.9258
-0.07021,0.37247,0.92538
-0.0026019,0.37342,0.92766
0.066336,0.37977,0.9227
-0.13475,-0.11276,0.98444
-0.058901,-0.13979,0.98843
0.012116,-0.12043,0.99265
0.081012,-0.10185,0.9915
-0.13513,-0.040899,0.98998
-0.080778,-0.079229,0.99358
-0.020814,-0.066162,0.99759
0.042729,-0.047708,0.99795
0.10865,-0.030465,0.99361
-0.12243,0.025507,0.99215
-0.06741,-0.010734,0.99767
-0.0021766,0.0061976,0.99998
0.063605,0.023722,0.99769
0.13163,0.038909,0.99054
-0.10869,0.088322,0.99014
-0.051392,0.058284,0.99698
0.015173,0.077003,0.99692
0.085868,0.091627,0.99208
-0.037198,0.12897,0.99095
0.035956,0.14245,0.98915
